Name,Age,#days,Lev,Tm,G,PA,AB,R,H,2B,3B,HR,RBI,BB,IBB,SO,HBP,SH,SF,GDP,SB,CS,BA,OBP,SLG,OPS,mlbID
CJ Abrams,22,0,Maj-NL,Washington,97,377,347,53,89,18,4,10,41,17,0,78,9,3,1,5,24,2,0.257,0.308,0.418,0.725,682928
Jos\xc3\xa9 Abreu,36,0,Maj-AL,Houston,102,429,392,40,96,16,0,10,56,29,1,95,3,0,5,12,0,1,0.245,0.298,0.362,0.661,547989
Ronald Acuna Jr.,25,0,Maj-NL,Atlanta,103,473,412,93,138,26,1,24,61,54,2,56,5,0,2,9,50,8,0.335,0.417,0.578,0.994,660670
Willy Adames,27,0,Maj-NL,Milwaukee,96,413,361,44,73,16,0,17,48,41,0,109,4,0,5,9,4,3,0.202,0.287,0.388,0.675,642715
Riley Adams,27,1,Maj-NL,Washington,26,100,92,7,28,8,2,4,15,6,0,27,1,1,0,4,0,0,0.304,0.354,0.565,0.919,656180
Jo Adell,24,22,Maj-AL,Los Angeles,5,14,13,2,3,1,1,1,3,1,0,6,0,0,0,0,0,0,0.231,0.286,0.692,0.978,666176
Ehire Adrianza,33,90,Maj-NL,Atlanta,5,11,10,0,0,0,0,0,0,1,0,4,0,0,0,0,0,0,0.0,0.091,0.0,0.091,501303
Jes\xc3\xbas Aguilar,33,64,Maj-AL,Oakland,36,115,104,8,23,2,0,5,9,8,2,31,1,0,1,3,0,0,0.221,0.281,0.385,0.665,542583
Nick Ahmed,33,5,Maj-NL,Arizona,52,153,145,13,33,9,0,2,14,8,0,37,0,0,0,0,5,1,0.228,0.268,0.331,0.599,605113
Hanser Alberto,30,60,Maj-AL,Chicago,30,90,82,11,18,5,0,3,16,4,0,13,1,2,1,1,0,0,0.22,0.261,0.39,0.652,593643
Ozzie Albies,26,0,Maj-NL,Atlanta,103,442,396,63,102,18,3,24,74,31,2,70,7,0,6,6,7,0,0.258,0.318,0.5,0.818,645277
Jorge Alfaro,30,0,"Maj-AL,Maj-NL","Boston,Colorado",17,52,48,2,7,4,0,1,4,2,0,15,2,0,0,3,0,0,0.146,0.212,0.292,0.503,595751
Greg Allen,30,0,Maj-AL,New York,14,22,18,5,3,0,1,1,1,2,0,8,1,1,0,0,1,1,0.167,0.286,0.444,0.73,656185
Nick Allen,24,0,Maj-AL,Oakland,57,169,154,14,28,1,1,1,7,10,0,31,0,4,1,4,1,1,0.182,0.23,0.221,0.451,669397
Pete Alonso,28,0,Maj-NL,New York,97,411,358,59,78,9,2,30,75,38,0,85,13,0,2,11,3,0,0.218,0.314,0.506,0.82,624413
Jose Altuve,33,0,Maj-AL,Houston,36,159,137,28,38,8,1,7,20,20,0,30,1,0,1,4,5,1,0.277,0.371,0.504,0.875,514888
Jake Alu,26,15,Maj-NL,Washington,5,15,14,0,3,0,0,0,0,1,0,4,0,0,0,0,1,0,0.214,0.267,0.214,0.481,666906
Francisco Alvarez,21,1,Maj-NL,New York,78,272,250,37,58,7,0,20,42,18,0,70,4,0,0,9,0,0,0.232,0.294,0.5,0.794,682626
Yordan Alvarez,26,0,Maj-AL,Houston,61,259,217,45,62,13,0,18,56,33,2,58,7,0,2,5,0,0,0.286,0.394,0.595,0.988,670541
Jacob Amaya,24,35,Maj-NL,Miami,4,9,9,1,2,0,0,0,2,0,0,1,0,0,0,0,1,0,0.222,0.222,0.222,0.444,676070
Miguel Amaya,24,0,Maj-NL,Chicago,31,101,83,11,21,4,0,2,13,6,0,26,10,1,1,2,0,0,0.253,0.37,0.374,0.744,665804
Brian Anderson,30,21,Maj-NL,Milwaukee,85,334,292,35,67,11,2,9,38,35,0,99,4,0,3,9,0,3,0.23,0.317,0.373,0.691,605119
Tim Anderson,30,0,Maj-AL,Chicago,82,357,335,37,82,11,1,1,19,19,0,73,1,0,2,13,10,1,0.245,0.286,0.293,0.578,641313
Elvis Andrus,34,0,Maj-AL,Chicago,71,254,226,21,47,8,1,2,20,21,1,43,4,1,2,1,6,4,0.208,0.285,0.279,0.563,462101
Miguel Andujar,28,74,Maj-NL,Pittsburgh,13,33,31,2,5,1,0,2,6,2,0,5,0,0,0,0,0,0,0.161,0.212,0.387,0.599,609280
Jonathan Aranda,25,14,Maj-AL,Tampa Bay,4,15,15,2,3,1,0,0,2,0,0,6,0,0,0,0,0,0,0.2,0.2,0.267,0.467,666018
Orlando Arcia,28,0,Maj-NL,Atlanta,82,316,292,42,87,13,0,10,36,23,0,60,1,0,0,10,1,0,0.298,0.351,0.445,0.797,606115
Nolan Arenado,32,0,Maj-NL,St. Louis,102,433,394,48,110,20,2,22,77,30,3,78,2,0,7,14,2,3,0.279,0.328,0.508,0.836,571448
Gabriel Arias,23,0,Maj-AL,Cleveland,77,177,154,16,30,6,0,4,6,23,0,56,0,0,0,7,1,3,0.195,0.299,0.312,0.611,672356
Randy Arozarena,28,1,Maj-AL,Tampa Bay,102,434,366,61,95,10,2,17,62,51,0,104,13,0,4,6,12,7,0.26,0.366,0.437,0.804,668227
Luis Arraez,26,0,Maj-NL,Miami,100,426,387,42,146,24,2,3,51,31,8,24,4,1,3,13,1,2,0.377,0.426,0.473,0.899,650333
Christian Arroyo,28,0,Maj-AL,Boston,63,199,188,23,46,15,0,3,22,7,0,44,1,1,2,6,1,3,0.245,0.273,0.372,0.645,624414
Jos\xc3\xa9 Azocar,27,59,Maj-NL,San Diego,26,55,51,8,12,2,0,0,3,1,0,11,0,3,0,0,6,1,0.235,0.25,0.275,0.525,640492
Akil Baddoo,24,0,Maj-AL,Detroit,66,216,187,21,39,8,0,5,22,27,2,50,0,1,1,2,6,2,0.209,0.307,0.332,0.639,668731
Harrison Bader,29,0,Maj-AL,New York,56,210,196,28,51,7,2,7,33,6,0,33,3,1,4,4,10,2,0.26,0.287,0.424,0.711,664056
Ji Hwan Bae,23,29,Maj-NL,Pittsburgh,76,239,214,37,51,9,0,2,19,18,0,58,2,3,2,2,20,6,0.238,0.301,0.308,0.609,678225
Javier B\xc3\xa1ez,30,0,Maj-AL,Detroit,101,417,391,46,88,12,4,7,48,17,0,92,5,0,3,9,10,0,0.225,0.264,0.33,0.594,595879
Patrick Bailey,24,0,Maj-NL,San Francisco,54,201,189,17,48,13,1,5,31,6,0,56,3,2,1,5,1,0,0.254,0.286,0.413,0.699,672275
Luken Baker,26,25,Maj-NL,St. Louis,7,20,19,2,5,0,0,0,0,1,0,8,0,0,0,0,0,0,0.263,0.3,0.263,0.563,663609
Rylan Bannon,27,91,Maj-AL,Houston,2,6,6,0,0,0,0,0,0,0,0,3,0,0,0,0,0,0,0.0,0.0,0.0,0.0,676625
Austin Barnes,33,0,Maj-NL,Los Angeles,38,125,112,4,13,2,0,0,5,10,0,30,2,0,1,6,2,1,0.116,0.2,0.134,0.334,605131
Tucker Barnhart,32,4,Maj-NL,Chicago,40,116,102,5,21,3,0,1,9,12,0,38,1,0,1,3,1,0,0.206,0.293,0.265,0.558,571466
Tres Barrera,28,67,Maj-NL,St. Louis,6,2,2,0,0,0,0,0,0,0,0,0,0,0,0,0,0,0,0.0,0.0,0.0,0.0,668663
Jose Barrero,25,46,Maj-NL,Cincinnati,46,149,133,15,29,8,0,2,17,15,0,44,0,0,1,1,3,2,0.218,0.295,0.323,0.619,676480
Joey Bart,26,74,Maj-NL,San Francisco,26,84,78,8,18,5,0,0,4,2,0,21,4,0,0,0,0,0,0.231,0.286,0.295,0.581,663698
Matthew Batten,28,0,Maj-NL,San Diego,9,15,13,2,3,0,0,1,2,2,0,2,0,0,0,0,0,1,0.231,0.333,0.462,0.795,676946
Brett Baty,23,0,Maj-NL,New York,80,288,260,33,60,11,0,7,26,22,0,78,2,0,1,7,2,0,0.231,0.295,0.354,0.649,683146
Jake Bauers,27,0,Maj-AL,New York,53,169,148,20,34,13,0,8,21,19,0,52,0,0,2,3,2,0,0.23,0.314,0.48,0.793,641343
Matt Beaty,30,39,"Maj-AL,Maj-NL","Kansas City,San Francisco",7,11,10,1,3,1,0,0,3,1,0,2,0,0,0,0,0,0,0.3,0.364,0.4,0.764,607461
Josh Bell,30,0,Maj-AL,Cleveland,96,389,343,25,80,19,0,11,48,43,1,80,1,0,2,6,0,1,0.233,0.319,0.385,0.704,605137
Cody Bellinger,27,0,Maj-NL,Chicago,74,314,280,55,88,15,1,15,46,24,2,50,3,0,7,3,12,3,0.314,0.366,0.536,0.902,641355
Brandon Belt,35,2,Maj-AL,Toronto,72,280,235,30,57,18,0,8,26,42,1,101,1,0,2,3,0,0,0.243,0.357,0.421,0.778,474832
Anthony Bemboom,33,28,Maj-AL,Baltimore,6,13,11,0,2,0,0,0,0,2,0,2,0,0,0,0,0,0,0.182,0.308,0.182,0.49,621532
Andrew Benintendi,28,0,Maj-AL,Chicago,99,416,374,51,105,24,1,2,29,36,5,59,3,1,2,5,12,1,0.281,0.347,0.366,0.713,643217
Will Benson,25,0,Maj-NL,Cincinnati,59,183,157,28,43,8,4,7,19,26,0,54,0,0,0,1,10,2,0.274,0.377,0.51,0.887,666181
Jon Berti,33,0,Maj-NL,Miami,87,290,268,40,80,12,2,2,20,17,2,54,1,2,2,8,12,4,0.299,0.34,0.381,0.721,542932
Christian Bethancourt,31,1,Maj-AL,Tampa Bay,70,231,219,31,48,13,0,7,22,9,0,60,0,1,2,5,0,0,0.219,0.248,0.374,0.622,542194
Mookie Betts,30,2,Maj-NL,Los Angeles,99,460,386,81,107,26,1,27,68,65,3,73,4,0,5,4,7,2,0.277,0.383,0.56,0.942,605141
Bo Bichette,25,0,Maj-AL,Toronto,105,469,447,50,142,25,1,17,59,20,0,86,2,0,0,12,3,3,0.318,0.35,0.492,0.842,666182
Cavan Biggio,28,0,Maj-AL,Toronto,66,171,153,26,33,5,0,7,19,14,0,50,4,0,0,0,3,2,0.216,0.298,0.386,0.684,624415
Charlie Blackmon,36,50,Maj-NL,Colorado,56,242,211,34,56,14,2,5,26,21,0,33,7,0,3,4,0,1,0.265,0.347,0.422,0.769,453568
Dairon Blanco,30,0,Maj-AL,Kansas City,29,68,63,7,15,6,3,0,7,3,0,17,2,0,0,1,8,3,0.238,0.294,0.429,0.723,680118
JJ Bleday,25,0,Maj-AL,Oakland,66,243,203,28,43,11,0,8,25,35,0,54,2,0,3,2,5,1,0.212,0.329,0.384,0.713,668709
Xander Bogaerts,30,0,Maj-NL,San Diego,100,428,377,51,100,17,0,11,37,44,0,78,4,0,3,13,11,1,0.265,0.346,0.398,0.744,593428
Alec Bohm,26,0,Maj-NL,Philadelphia,92,377,345,45,98,17,0,10,65,26,0,64,3,0,3,14,3,1,0.284,0.337,0.42,0.757,664761
Jackie Bradley Jr.,33,53,Maj-AL,Kansas City,43,113,105,10,14,5,0,1,6,5,0,29,2,1,0,3,0,0,0.133,0.188,0.21,0.397,598265
Alex Bregman,29,0,Maj-AL,Houston,105,465,406,64,103,14,2,18,69,56,1,57,2,0,1,12,3,0,0.254,0.346,0.431,0.777,608324
Will Brennan,25,0,Maj-AL,Cleveland,95,306,290,27,76,17,0,5,28,10,1,40,5,0,1,2,7,3,0.262,0.297,0.372,0.67,686823
Jonah Bride,27,9,Maj-AL,Oakland,21,65,53,5,10,1,0,0,4,7,0,13,3,1,1,1,0,0,0.189,0.313,0.208,0.52,681146
Mike Brosseau,29,56,Maj-NL,Milwaukee,29,78,73,4,15,2,0,4,8,4,0,20,1,0,0,2,0,0,0.206,0.256,0.397,0.654,670712
Seth Brown,30,0,Maj-AL,Oakland,61,217,193,21,40,8,0,10,30,21,0,65,1,1,1,4,2,1,0.207,0.287,0.404,0.691,664913
Vidal Bruj\xc3\xa1n,25,1,Maj-AL,Tampa Bay,27,60,56,10,11,2,0,0,5,2,0,15,1,1,0,1,2,1,0.196,0.237,0.232,0.469,660644
Kris Bryant,31,8,Maj-NL,Colorado,65,275,243,27,61,7,0,8,23,26,0,48,6,0,0,4,0,0,0.251,0.338,0.379,0.717,592178
Peyton Burdick,26,70,Maj-NL,Miami,14,37,33,4,6,2,0,1,2,3,0,18,1,0,0,0,1,0,0.182,0.27,0.333,0.604,680814
Jake Burger,27,0,Maj-AL,Chicago,88,323,294,44,63,15,1,25,52,22,0,102,5,0,2,3,1,1,0.214,0.279,0.527,0.806,669394
Alec Burleson,24,0,Maj-NL,St. Louis,74,234,213,24,51,13,1,6,21,14,0,25,2,1,1,11,0,1,0.239,0.291,0.394,0.686,676475
Michael Busch,25,35,Maj-NL,Los Angeles,15,51,45,6,9,3,0,0,4,6,0,16,0,0,0,0,1,0,0.2,0.294,0.267,0.561,683737
Byron Buxton,29,0,Maj-AL,Minnesota,84,343,300,49,62,16,1,17,42,35,2,108,4,0,4,3,9,0,0.207,0.295,0.437,0.731,621439
Jos\xc3\xa9 Caballero,26,1,Maj-AL,Seattle,66,204,167,24,38,6,1,3,21,24,0,45,10,0,3,0,18,2,0.228,0.353,0.329,0.682,676609
Trey Cabbage,26,0,Maj-AL,Los Angeles,12,35,34,2,7,2,0,1,6,0,0,17,0,0,1,1,0,1,0.206,0.2,0.353,0.553,663550
Miguel Cabrera,40,0,Maj-AL,Detroit,61,222,195,12,49,12,0,1,17,24,0,44,1,0,2,8,0,0,0.251,0.333,0.328,0.662,408234
Oswaldo Cabrera,24,8,Maj-AL,New York,79,215,195,26,40,8,0,4,22,15,1,46,2,1,2,6,6,0,0.205,0.266,0.308,0.574,665828
Willie Calhoun,28,39,Maj-AL,New York,44,149,134,16,32,7,0,5,16,14,1,20,0,0,1,2,0,0,0.239,0.309,0.403,0.712,641432
Alex Call,28,0,Maj-NL,Washington,85,329,286,33,60,11,1,6,31,34,0,58,6,1,2,1,9,5,0.21,0.305,0.318,0.623,669743
Luis Campusano,24,0,Maj-NL,San Diego,17,61,58,9,16,3,0,2,8,2,0,11,0,0,1,4,0,0,0.276,0.295,0.431,0.726,669134
Jeimer Candelario,29,0,Maj-NL,Washington,99,419,368,57,95,30,2,16,53,36,1,88,12,0,2,10,6,1,0.258,0.342,0.481,0.823,600869
Mark Canha,34,0,Maj-NL,New York,89,303,257,28,63,15,1,6,29,32,0,52,9,0,5,8,7,0,0.245,0.343,0.381,0.725,592192
Dominic Canzone,25,0,Maj-NL,Arizona,15,41,38,4,9,2,0,1,8,2,0,8,1,0,0,1,0,0,0.237,0.293,0.368,0.661,686527
Conner Capel,26,28,Maj-AL,Oakland,32,86,73,6,19,5,0,0,3,12,0,25,1,0,0,1,5,3,0.26,0.372,0.329,0.701,668843
Victor Caratini,29,1,Maj-NL,Milwaukee,41,152,132,15,33,1,0,5,18,16,0,34,3,0,1,5,1,1,0.25,0.342,0.371,0.713,605170
Dylan Carlson,24,0,Maj-NL,St. Louis,69,232,200,25,46,6,1,5,24,23,0,48,7,0,2,4,3,0,0.23,0.328,0.345,0.673,666185
Kerry Carpenter,25,0,Maj-AL,Detroit,63,230,209,23,54,8,1,11,35,17,1,55,3,0,1,1,0,0,0.258,0.322,0.464,0.786,681481
Matt Carpenter,37,6,Maj-NL,San Diego,66,207,169,15,28,11,0,4,27,32,0,61,1,0,4,2,1,0,0.166,0.296,0.302,0.598,572761
Corbin Carroll,22,0,Maj-NL,Arizona,101,413,362,76,102,21,5,21,57,39,1,84,7,3,2,3,32,3,0.282,0.361,0.541,0.902,682998
Curt Casali,34,12,Maj-NL,Cincinnati,40,96,80,8,14,2,0,0,6,11,0,23,2,3,0,1,0,0,0.175,0.29,0.2,0.49,592200
Triston Casas,23,0,Maj-AL,Boston,92,342,292,46,74,15,2,16,40,48,0,87,0,0,2,6,0,0,0.253,0.357,0.483,0.84,671213
Nick Castellanos,31,0,Maj-NL,Philadelphia,103,440,410,52,112,26,1,14,60,25,0,120,2,0,3,8,6,2,0.273,0.316,0.444,0.76,592206
Harold Castro,29,0,Maj-NL,Colorado,78,224,215,21,58,12,0,1,25,6,0,53,0,1,2,4,0,0,0.27,0.287,0.34,0.627,605612
Rodolfo Castro,24,22,Maj-NL,Pittsburgh,78,224,197,19,45,7,0,6,22,21,1,62,5,0,1,4,1,4,0.228,0.317,0.355,0.672,666801
Willi Castro,26,0,Maj-AL,Minnesota,90,276,243,38,60,11,2,5,23,22,1,70,9,1,1,1,26,4,0.247,0.331,0.37,0.701,650489
Jake Cave,30,1,Maj-NL,Philadelphia,27,92,84,4,19,6,0,1,11,7,0,24,0,0,1,2,3,0,0.226,0.283,0.333,0.616,595909
Yu Chang,27,0,Maj-AL,Boston,33,94,87,11,14,2,0,5,17,3,0,30,2,2,0,2,3,0,0.161,0.207,0.356,0.563,644374
Matt Chapman,30,0,Maj-AL,Toronto,103,434,376,57,98,33,1,14,44,52,1,117,4,0,2,4,3,2,0.261,0.355,0.465,0.82,656305
Michael Chavis,27,4,Maj-NL,Washington,29,60,56,9,14,2,0,1,4,4,0,20,0,0,0,1,0,0,0.25,0.3,0.339,0.639,656308
Jazz Chisholm Jr.,25,28,Maj-NL,Miami,45,183,167,20,41,4,1,9,21,12,0,57,2,1,1,1,14,2,0.246,0.302,0.443,0.745,665862
Ji Man Choi,32,0,Maj-NL,Pittsburgh,23,76,73,9,15,4,0,6,11,2,0,27,0,0,1,1,0,0,0.206,0.224,0.507,0.731,596847
Kody Clemens,27,29,Maj-NL,Philadelphia,47,148,139,15,32,7,0,4,13,8,0,40,1,0,0,1,0,0,0.23,0.277,0.367,0.644,665019
Ernie Clement,27,21,Maj-AL,Toronto,11,9,7,3,3,0,0,0,2,1,0,1,0,0,1,0,1,0,0.429,0.444,0.429,0.873,676391
Oscar Col\xc3\xa1s,24,0,Maj-AL,Chicago,44,150,139,14,30,4,0,1,10,7,0,40,1,1,2,1,4,3,0.216,0.255,0.266,0.521,693049
Michael Conforto,30,0,Maj-NL,San Francisco,90,353,307,45,74,10,0,13,52,37,2,83,6,0,3,8,4,0,0.241,0.331,0.401,0.732,624424
William Contreras,25,0,Maj-NL,Milwaukee,86,360,322,44,89,21,1,11,43,33,0,70,4,0,1,14,1,1,0.276,0.35,0.45,0.8,661388
Willson Contreras,31,1,Maj-NL,St. Louis,90,358,309,37,77,22,0,11,40,36,0,82,11,0,2,11,5,2,0.249,0.346,0.427,0.774,575929
Garrett Cooper,32,0,Maj-NL,Miami,81,320,302,28,78,11,1,13,46,16,0,96,1,0,1,9,0,0,0.258,0.297,0.431,0.727,643265
Franchy Cordero,28,8,Maj-AL,New York,24,71,69,9,13,2,0,6,13,2,0,25,0,0,0,0,0,0,0.188,0.211,0.478,0.69,614173
Carlos Correa,28,0,Maj-AL,Minnesota,95,415,372,38,85,23,2,12,45,39,2,95,2,0,2,20,0,0,0.229,0.304,0.398,0.701,621043
Colton Cowser,23,1,Maj-AL,Baltimore,18,59,47,10,5,1,0,0,4,9,0,15,2,0,1,1,0,0,0.106,0.271,0.128,0.399,681297
Brandon Crawford,36,0,Maj-NL,San Francisco,65,227,203,22,43,10,0,5,26,20,1,57,2,1,1,5,3,0,0.212,0.288,0.335,0.623,543063
J.P. Crawford,28,0,Maj-AL,Seattle,98,418,351,57,93,25,0,9,36,61,1,78,2,3,1,5,1,0,0.265,0.376,0.413,0.789,641487
Kutter Crawford,27,103,Maj-AL,Boston,1,0,0,1,0,0,0,0,0,0,0,0,0,0,0,0,0,0,,,,,676710
C.J. Cron,33,0,Maj-NL,Colorado,56,224,208,31,54,12,0,11,32,13,0,50,1,0,2,10,0,0,0.26,0.304,0.476,0.78,543068
Jake Cronenworth,29,0,Maj-NL,San Diego,104,429,370,43,80,17,6,8,38,43,2,83,9,1,5,8,5,1,0.216,0.309,0.36,0.669,630105
Nelson Cruz,42,27,Maj-NL,San Diego,49,152,143,9,35,5,1,5,23,6,1,46,2,0,1,2,1,0,0.245,0.283,0.399,0.682,443558
Oneil Cruz,24,112,Maj-NL,Pittsburgh,9,40,32,7,8,1,0,1,4,7,0,8,0,0,1,0,3,0,0.25,0.375,0.375,0.75,665833
Charlie Culberson,34,14,Maj-NL,Atlanta,1,1,1,0,1,0,0,0,0,0,0,0,0,0,0,0,0,0,1.0,1.0,1.0,2.0,518586
Travis d\'Arnaud,34,1,Maj-NL,Atlanta,41,163,147,21,39,7,0,9,25,14,0,37,1,0,1,2,0,0,0.265,0.331,0.497,0.828,518595
David Dahl,29,117,Maj-NL,San Diego,4,9,9,1,1,0,0,1,1,0,0,2,0,0,0,0,0,0,0.111,0.111,0.444,0.556,621311
Bobby Dalbec,28,35,Maj-AL,Boston,9,14,12,1,2,0,0,0,0,2,0,8,0,0,0,0,1,0,0.167,0.286,0.167,0.452,666915
Henry Davis,23,0,Maj-NL,Pittsburgh,35,144,126,17,30,6,0,4,12,15,1,29,3,0,0,2,3,3,0.238,0.333,0.381,0.714,680779
J.D. Davis,30,0,Maj-NL,San Francisco,98,379,330,42,85,14,1,14,52,39,0,108,4,0,5,11,1,0,0.258,0.339,0.433,0.772,605204
Jonathan Davis,31,26,Maj-NL,Miami,34,104,90,22,22,4,1,2,10,7,0,29,2,2,2,1,1,2,0.244,0.307,0.378,0.685,641505
Yonathan Daza,29,89,Maj-NL,Colorado,24,80,74,8,20,6,0,0,7,3,0,13,1,1,1,5,1,0,0.27,0.304,0.351,0.655,602074
Bryan De La Cruz,26,0,Maj-NL,Miami,102,422,389,45,104,22,0,14,57,28,0,105,0,0,5,12,3,1,0.267,0.313,0.432,0.745,650559
Elly De La Cruz,21,0,Maj-NL,Cincinnati,46,202,188,37,52,10,3,7,20,12,2,65,1,0,1,4,17,4,0.277,0.322,0.473,0.795,682829
Paul DeJong,29,0,Maj-NL,St. Louis,81,306,279,38,65,11,0,13,32,21,0,87,5,0,1,8,4,4,0.233,0.297,0.412,0.71,657557
Jason Delay,28,14,Maj-NL,Pittsburgh,50,118,104,11,27,7,1,1,10,9,0,30,2,2,1,3,0,0,0.26,0.328,0.375,0.703,641511
Jonny Deluca,24,5,Maj-NL,Los Angeles,24,45,42,5,11,1,0,2,6,3,0,8,0,0,0,0,1,0,0.262,0.311,0.429,0.74,676356
Rafael Devers,26,0,Maj-AL,Boston,99,426,383,57,100,23,0,25,76,35,5,84,5,0,3,8,2,1,0.261,0.329,0.517,0.846,646240
Aledmys D\xc3\xadaz,32,0,Maj-AL,Oakland,77,252,230,18,48,11,0,2,16,12,1,48,6,1,3,11,1,0,0.209,0.263,0.283,0.546,649557
Elias D\xc3\xadaz,32,1,Maj-NL,Colorado,92,352,319,32,87,16,1,10,48,27,0,73,2,0,4,8,0,0,0.273,0.33,0.423,0.753,553869
Isan D\xc3\xadaz,27,35,Maj-NL,San Francisco,2,8,8,0,0,0,0,0,0,0,0,4,0,0,0,0,0,0,0.0,0.0,0.0,0.0,656371
Jordan Diaz,22,0,Maj-AL,Oakland,44,139,131,10,33,3,0,6,15,5,0,32,2,0,1,3,0,1,0.252,0.288,0.412,0.7,672478
Yainer Diaz,24,1,Maj-AL,Houston,63,227,215,27,57,13,0,13,31,6,0,42,1,0,5,9,0,0,0.265,0.282,0.507,0.789,673237
Yandy D\xc3\xadaz,31,0,Maj-AL,Tampa Bay,89,387,336,61,106,21,0,14,51,44,0,64,5,0,2,11,0,1,0.316,0.401,0.503,0.904,650490
Corey Dickerson,34,0,Maj-NL,Washington,47,144,137,8,34,6,0,2,17,6,0,26,0,0,1,3,0,1,0.248,0.278,0.336,0.614,572816
Brandon Dixon,31,14,Maj-NL,San Diego,33,86,79,10,16,4,0,2,9,1,0,31,4,0,2,1,1,0,0.203,0.244,0.329,0.573,641525
Josh Donaldson,37,15,Maj-AL,New York,33,120,106,13,15,1,0,10,15,12,0,32,0,0,2,2,0,0,0.142,0.225,0.434,0.659,518626
Brendan Donovan,26,1,Maj-NL,St. Louis,95,371,327,48,92,10,1,11,34,33,2,53,9,1,1,4,5,1,0.281,0.362,0.419,0.781,680977
Jeter Downs,24,92,Maj-NL,Washington,1,2,1,0,0,0,0,0,0,1,0,1,0,0,0,0,0,0,0.0,0.5,0.0,0.5,669023
Brenton Doyle,25,0,Maj-NL,Colorado,72,234,212,28,42,6,1,7,26,16,0,84,2,1,3,4,14,3,0.198,0.258,0.335,0.592,686668
Hunter Dozier,31,72,Maj-AL,Kansas City,29,91,82,8,15,2,1,2,9,8,0,29,0,0,1,0,2,0,0.183,0.253,0.305,0.558,641531
Brandon Drury,30,31,Maj-AL,Los Angeles,75,307,282,36,78,17,2,14,45,16,0,80,5,0,4,9,0,2,0.277,0.323,0.5,0.823,592273
Mauricio Dub\xc3\xb3n,28,0,Maj-AL,Houston,87,357,342,54,90,18,2,5,27,11,0,49,2,0,2,9,6,1,0.263,0.289,0.371,0.66,643289
Matt Duffy,32,1,Maj-AL,Kansas City,53,137,125,12,33,6,0,1,8,8,0,26,3,0,1,2,0,0,0.264,0.321,0.336,0.657,622110
Ezequiel Duran,24,0,Maj-AL,Texas,82,310,289,43,83,17,1,13,38,16,1,83,4,0,1,5,6,3,0.287,0.332,0.488,0.82,677649
Jarren Duran,26,0,Maj-AL,Boston,83,301,276,40,87,31,2,6,35,20,1,76,3,0,2,2,21,2,0.315,0.365,0.507,0.873,680776
Adam Duvall,34,0,Maj-AL,Boston,44,173,153,25,40,14,1,9,29,13,1,53,4,0,3,0,4,0,0.261,0.33,0.543,0.872,594807
Nate Eaton,26,37,Maj-AL,Kansas City,28,56,53,2,4,0,0,0,1,2,0,21,1,0,0,0,3,0,0.076,0.125,0.076,0.201,681987
Tommy Edman,28,24,Maj-NL,St. Louis,84,307,274,44,65,15,3,7,29,24,1,50,3,3,3,7,14,1,0.237,0.303,0.391,0.693,669242
Xavier Edwards,23,64,Maj-NL,Miami,9,22,21,4,8,1,0,0,2,0,0,4,0,1,0,1,1,0,0.381,0.381,0.429,0.81,669364
Drew Ellis,27,14,Maj-NL,Philadelphia,12,29,23,4,5,0,0,2,4,6,0,7,0,0,0,0,0,1,0.217,0.379,0.478,0.858,656403
Christian Encarnacion-Strand,23,0,Maj-NL,Cincinnati,12,40,37,5,8,0,0,1,6,2,0,10,1,0,0,0,0,0,0.216,0.275,0.297,0.572,687952
Adam Engel,31,72,Maj-NL,San Diego,5,6,6,0,0,0,0,0,0,0,0,2,0,0,0,0,0,1,0.0,0.0,0.0,0.0,641553
Eduardo Escobar,34,0,"Maj-AL,Maj-NL","Los Angeles,New York",63,206,190,26,45,4,3,5,24,13,0,46,0,1,2,5,2,0,0.237,0.283,0.368,0.651,500871
Santiago Espinal,28,0,Maj-AL,Toronto,56,162,146,23,34,7,0,2,15,13,0,21,2,1,0,4,2,1,0.233,0.304,0.322,0.626,669289
Thairo Estrada,27,28,Maj-NL,San Francisco,70,315,290,46,79,18,1,9,31,15,1,77,9,0,1,6,18,4,0.272,0.327,0.435,0.762,642731
Stuart Fairchild,27,0,Maj-NL,Cincinnati,67,187,157,26,37,12,1,4,22,20,0,52,5,3,2,1,9,2,0.236,0.337,0.401,0.738,656413
Kyle Farmer,32,0,Maj-AL,Minnesota,76,234,212,32,55,8,2,6,24,14,0,60,6,0,2,5,1,2,0.259,0.321,0.401,0.721,571657
Freddy Fermin,28,0,Maj-AL,Kansas City,43,137,127,16,38,6,1,6,22,9,0,30,0,1,0,1,0,0,0.299,0.346,0.504,0.85,666023
Jos\xc3\xa9 Ferm\xc3\xadn,24,8,Maj-NL,St. Louis,5,13,11,1,1,0,0,0,0,1,0,1,0,1,0,0,0,0,0.091,0.167,0.091,0.258,665877
David Fletcher,29,22,Maj-AL,Los Angeles,19,49,47,3,10,1,0,1,8,2,0,6,0,0,0,2,0,0,0.213,0.245,0.298,0.543,664058
Dominic Fletcher,25,24,Maj-NL,Arizona,28,102,93,10,28,5,1,2,14,7,1,22,0,2,0,0,0,2,0.301,0.35,0.441,0.791,666150
Wilmer Flores,31,0,Maj-NL,San Francisco,77,263,237,32,71,16,0,13,34,22,1,41,1,0,3,4,0,0,0.3,0.357,0.532,0.889,527038
Estevan Florial,25,122,Maj-AL,New York,1,0,0,0,0,0,0,0,0,0,0,0,0,0,0,0,0,0,,,,,664314
Mike Ford,30,0,Maj-AL,Seattle,45,139,126,19,30,5,0,11,24,10,0,49,2,0,1,3,0,0,0.238,0.302,0.54,0.842,645801
Nick Fortes,26,0,Maj-NL,Miami,74,226,210,22,45,4,0,4,20,13,0,43,1,1,1,10,3,2,0.214,0.262,0.291,0.553,663743
Jake Fraley,28,0,Maj-NL,Cincinnati,89,316,279,39,75,14,0,15,62,32,2,55,4,0,1,5,18,5,0.269,0.351,0.48,0.832,641584
Ty France,28,0,Maj-AL,Seattle,102,435,392,57,99,24,0,7,39,23,0,80,19,0,1,16,1,0,0.253,0.324,0.367,0.691,664034
Wander Franco,22,0,Maj-AL,Tampa Bay,101,442,397,55,106,23,5,12,48,38,3,62,3,0,4,14,29,10,0.267,0.333,0.441,0.773,677551
Adam Frazier,31,0,Maj-AL,Baltimore,97,333,301,45,72,15,1,13,49,24,0,40,3,3,1,3,7,3,0.239,0.301,0.425,0.726,624428
Clint Frazier,28,28,Maj-AL,Chicago,33,76,66,10,13,1,1,0,3,10,0,23,0,0,0,0,4,2,0.197,0.303,0.242,0.545,640449
Freddie Freeman,33,0,Maj-NL,Los Angeles,104,477,414,89,136,35,2,21,73,51,7,83,8,0,4,7,13,1,0.329,0.409,0.575,0.984,518692
Tyler Freeman,24,1,Maj-AL,Cleveland,37,93,82,13,24,6,0,0,6,7,0,13,1,2,1,2,3,0,0.293,0.352,0.366,0.718,671289
Sal Frelick,23,0,Maj-NL,Milwaukee,8,32,23,8,7,1,0,1,4,7,0,5,0,0,2,2,0,0,0.304,0.438,0.478,0.916,686217
TJ Friedl,27,0,Maj-NL,Cincinnati,84,341,302,40,86,17,3,7,37,26,1,60,6,6,1,0,16,3,0.285,0.352,0.431,0.783,670770
David Fry,27,0,Maj-AL,Cleveland,39,80,74,10,21,3,0,4,13,5,0,24,1,0,0,2,2,0,0.284,0.338,0.487,0.824,681807
Michael Fulmer,30,27,Maj-NL,Chicago,1,1,1,0,0,0,0,0,0,0,0,1,0,0,0,0,0,0,0.0,0.0,0.0,0.0,605242
Cam Gallagher,30,0,Maj-AL,Cleveland,42,114,108,6,15,5,0,0,6,4,0,34,1,0,1,1,0,0,0.139,0.175,0.185,0.361,595956
Joey Gallo,29,0,Maj-AL,Minnesota,82,267,230,32,41,9,1,17,32,35,1,114,2,0,0,2,0,0,0.178,0.292,0.448,0.74,608336
Adolis Garc\xc3\xada,30,0,Maj-AL,Texas,103,446,394,75,102,22,0,25,84,41,0,112,5,0,6,7,7,0,0.259,0.332,0.505,0.837,666969
Avisa\xc3\xadl Garc\xc3\xada,32,0,Maj-NL,Miami,23,80,73,7,15,1,1,3,9,3,0,23,2,0,0,1,1,0,0.206,0.256,0.37,0.626,541645
Luis Garc\xc3\xada,23,0,Maj-NL,Washington,97,398,369,46,98,13,4,6,42,21,1,50,0,1,7,10,8,4,0.266,0.3,0.371,0.671,671277
Maikel Garcia,23,0,Maj-AL,Kansas City,73,301,272,31,74,15,2,4,33,21,0,63,1,1,6,6,14,2,0.272,0.32,0.386,0.706,672580
Kyle Garlick,31,51,Maj-AL,Minnesota,14,30,28,2,5,1,0,2,4,2,0,11,0,0,0,0,0,0,0.179,0.233,0.429,0.662,664247
Stone Garrett,27,0,Maj-NL,Washington,72,210,184,31,48,11,0,7,29,19,0,67,3,0,3,4,3,1,0.261,0.335,0.435,0.77,656448
Mitch Garver,32,0,Maj-AL,Texas,36,135,119,16,30,6,0,5,20,16,0,38,0,0,0,3,0,0,0.252,0.341,0.429,0.769,641598
Zack Gelof,23,0,Maj-AL,Oakland,14,60,55,10,12,4,1,3,6,4,0,20,1,0,0,2,5,1,0.218,0.283,0.491,0.774,680869
Andr\xc3\xa9s Gim\xc3\xa9nez,24,0,Maj-AL,Cleveland,101,407,363,47,86,16,4,9,40,23,2,72,16,3,2,8,17,3,0.237,0.309,0.377,0.687,665926
Paul Goldschmidt,35,0,Maj-NL,St. Louis,103,463,403,64,113,21,0,18,56,56,3,99,2,0,2,10,9,2,0.28,0.369,0.467,0.836,502671
Yan Gomes,35,0,Maj-NL,Chicago,71,256,234,31,65,9,2,9,40,12,1,47,5,0,5,4,1,0,0.278,0.32,0.449,0.769,543228
Nick Gonzales,24,0,Maj-NL,Pittsburgh,30,109,99,11,22,6,1,2,13,4,0,30,4,0,2,0,0,1,0.222,0.275,0.364,0.639,693304
Oscar Gonzalez,25,0,Maj-AL,Cleveland,28,83,80,6,16,2,1,1,5,3,0,17,0,0,0,1,0,0,0.2,0.229,0.288,0.516,660757
Romy Gonzalez,26,43,Maj-AL,Chicago,44,97,93,11,18,4,2,3,14,2,0,36,0,1,1,0,7,0,0.194,0.208,0.376,0.585,663853
Nick Gordon,27,74,Maj-AL,Minnesota,34,93,91,13,16,5,1,2,7,1,0,11,0,1,0,1,0,0,0.176,0.185,0.319,0.504,624503
Nolan Gorman,23,1,Maj-NL,St. Louis,95,366,323,45,78,16,0,22,65,40,1,112,1,0,2,4,6,2,0.242,0.325,0.495,0.821,669357
Yasmani Grandal,34,0,Maj-AL,Chicago,87,303,275,26,69,12,0,8,29,24,0,66,3,0,1,7,0,0,0.251,0.317,0.382,0.699,518735
Riley Greene,22,0,Maj-AL,Detroit,70,298,270,41,83,13,3,8,24,27,0,84,1,0,0,5,6,0,0.307,0.373,0.467,0.839,682985
Randal Grichuk,31,0,Maj-NL,Colorado,64,263,240,40,74,19,1,8,27,18,2,51,4,0,1,6,2,2,0.308,0.365,0.496,0.861,545341
Trent Grisham,26,0,Maj-NL,San Diego,102,387,329,47,68,25,1,10,32,51,0,107,4,1,1,5,11,3,0.207,0.32,0.38,0.699,663757
Vaughn Grissom,22,85,Maj-NL,Atlanta,19,70,65,5,18,2,0,0,7,2,0,13,2,0,1,1,0,1,0.277,0.314,0.308,0.622,687093
Robbie Grossman,33,0,Maj-AL,Texas,77,287,249,39,56,13,1,7,35,30,0,69,2,0,6,4,0,0,0.225,0.307,0.37,0.676,543257
Vladimir Guerrero Jr.,24,0,Maj-AL,Toronto,103,451,400,52,108,21,0,17,66,40,3,72,7,0,4,14,4,2,0.27,0.344,0.45,0.794,665489
Luis Guillorme,28,9,Maj-NL,New York,50,114,101,12,24,6,1,1,9,10,1,28,0,2,1,3,0,0,0.238,0.304,0.347,0.65,641645
Lourdes Gurriel Jr.,29,0,Maj-NL,Arizona,93,383,357,41,88,22,2,15,56,21,0,63,4,0,1,13,2,0,0.247,0.295,0.445,0.74,666971
Yuli Gurriel,39,0,Maj-NL,Miami,68,254,228,26,61,12,3,3,20,21,2,29,1,0,4,9,4,0,0.268,0.327,0.386,0.713,493329
Dalton Guthrie,27,47,Maj-NL,Philadelphia,23,28,24,4,4,1,0,0,0,3,0,7,1,0,0,0,0,0,0.167,0.286,0.208,0.494,656495
Eric Haase,30,1,Maj-AL,Detroit,78,259,244,19,48,8,1,3,23,14,1,73,0,0,1,9,3,1,0.197,0.239,0.275,0.514,606992
Sam Haggerty,29,56,Maj-AL,Seattle,24,48,42,6,8,2,0,0,2,6,0,11,0,0,0,0,4,1,0.191,0.292,0.238,0.53,664059
Darick Hall,27,10,Maj-NL,Philadelphia,18,56,54,2,9,1,0,1,3,2,0,18,0,0,0,2,0,0,0.167,0.196,0.241,0.437,669742
Billy Hamilton,32,87,Maj-AL,Chicago,3,2,2,2,0,0,0,0,0,0,0,1,0,0,0,0,2,0,0.0,0.0,0.0,0.0,571740
Caleb Hamilton,28,29,Maj-AL,Boston,4,6,5,0,0,0,0,0,0,1,0,5,0,0,0,0,0,0,0.0,0.167,0.0,0.167,643348
David Hamilton,25,24,Maj-AL,Boston,13,34,29,2,4,2,0,0,0,5,0,10,0,0,0,1,2,1,0.138,0.265,0.207,0.472,666152
Garrett Hampson,28,0,Maj-NL,Miami,67,156,138,23,38,10,1,1,12,12,0,41,3,3,0,1,3,0,0.275,0.346,0.384,0.731,641658
Mitch Haniger,32,47,Maj-NL,San Francisco,40,160,148,20,34,9,0,4,22,9,0,42,2,0,1,2,1,0,0.23,0.281,0.372,0.653,571745
Ian Happ,28,1,Maj-NL,Chicago,102,443,363,49,90,21,2,10,46,73,2,106,4,0,3,7,9,2,0.248,0.377,0.399,0.776,664023
Bryce Harper,30,0,Maj-NL,Philadelphia,72,313,268,43,78,16,0,5,31,42,4,71,1,0,2,6,7,2,0.291,0.387,0.407,0.793,547180
Michael Harris II,22,0,Maj-NL,Atlanta,81,300,276,38,76,15,2,9,28,18,0,57,3,1,2,7,13,2,0.275,0.324,0.442,0.766,671739
Josh Harrison,35,0,Maj-NL,Philadelphia,40,114,103,8,21,3,0,2,10,3,0,20,6,0,2,2,0,0,0.204,0.263,0.291,0.555,543281
Adam Haseley,27,31,Maj-AL,Chicago,28,39,36,6,8,2,0,0,2,3,0,8,0,0,0,1,1,0,0.222,0.282,0.278,0.56,656514
Ke\'Bryan Hayes,26,24,Maj-NL,Pittsburgh,75,307,290,34,73,16,5,5,32,16,0,62,0,0,1,9,9,5,0.252,0.29,0.393,0.683,663647
Austin Hays,27,0,Maj-AL,Baltimore,94,372,345,48,99,25,2,9,40,22,0,89,1,0,4,4,2,1,0.287,0.328,0.449,0.777,669720
Austin Hedges,30,0,Maj-NL,Pittsburgh,65,187,161,13,29,5,0,1,14,11,0,39,2,9,3,7,1,0,0.18,0.237,0.23,0.467,595978
Jonah Heim,28,4,Maj-AL,Texas,90,359,328,49,92,23,0,14,70,28,2,62,1,0,2,8,2,0,0.281,0.337,0.479,0.816,641680
Tyler Heineman,32,35,"Maj-AL,Maj-NL","Pittsburgh,Toronto",12,30,25,2,6,1,0,0,0,5,0,6,0,0,0,0,1,0,0.24,0.367,0.28,0.647,623168
Gunnar Henderson,22,0,Maj-AL,Baltimore,94,370,324,56,78,14,5,16,44,43,1,102,2,0,1,5,5,2,0.241,0.332,0.463,0.795,683002
David Hensley,27,9,Maj-AL,Houston,29,93,83,12,10,1,0,1,3,10,0,34,0,0,0,0,1,0,0.121,0.215,0.169,0.384,682073
Enrique Hern\xc3\xa1ndez,31,0,"Maj-AL,Maj-NL","Boston,Los Angeles",90,332,306,38,69,12,0,6,31,22,0,68,2,0,2,11,3,1,0.226,0.28,0.324,0.604,571771
Teoscar Hern\xc3\xa1ndez,30,0,Maj-AL,Seattle,105,441,407,45,97,17,2,16,58,25,2,141,5,0,4,5,5,2,0.238,0.288,0.408,0.696,606192
Yonny Hern\xc3\xa1ndez,25,4,Maj-NL,Los Angeles,13,27,22,5,3,1,0,0,4,2,0,8,1,1,1,0,0,0,0.136,0.231,0.182,0.413,660634
Iv\xc3\xa1n Herrera,23,7,Maj-NL,St. Louis,8,26,23,3,8,1,0,0,2,2,0,9,1,0,0,0,0,0,0.348,0.423,0.391,0.814,671056
Jose Herrera,26,0,Maj-NL,Arizona,26,79,66,12,15,4,0,0,6,8,0,21,0,4,1,2,1,0,0.227,0.307,0.288,0.595,645444
Jason Heyward,33,0,Maj-NL,Los Angeles,81,241,204,39,50,14,0,10,26,28,0,48,3,0,3,5,2,1,0.245,0.34,0.461,0.801,518792
Aaron Hicks,33,6,Maj-AL,"Baltimore,New York",70,228,200,33,46,6,1,7,25,27,0,55,0,0,1,1,3,0,0.23,0.32,0.375,0.695,543305
Kyle Higashioka,33,0,Maj-AL,New York,67,183,170,16,39,8,0,6,26,9,0,52,0,1,3,1,0,0,0.229,0.264,0.382,0.646,543309
Derek Hill,27,26,Maj-NL,Washington,13,50,47,3,8,1,0,0,1,3,0,11,0,0,0,0,1,0,0.17,0.22,0.192,0.412,656537
Sam Hilliard,29,12,Maj-NL,Atlanta,40,78,72,15,17,5,0,3,6,6,0,33,0,0,0,1,4,0,0.236,0.295,0.431,0.726,656541
Nico Hoerner,26,0,Maj-NL,Chicago,97,446,410,58,112,18,4,7,57,27,0,55,7,0,2,7,25,3,0.273,0.327,0.388,0.715,663538
TJ Hopkins,26,43,Maj-NL,Cincinnati,14,25,24,4,4,0,0,0,1,1,0,7,0,0,0,0,1,0,0.167,0.2,0.167,0.367,686759
Spencer Horwitz,25,40,Maj-AL,Toronto,3,10,8,1,2,0,0,0,1,2,0,3,0,0,0,0,0,0,0.25,0.4,0.25,0.65,687462
Eric Hosmer,33,75,Maj-NL,Chicago,31,100,94,7,22,3,0,2,14,6,0,25,0,0,0,5,0,0,0.234,0.28,0.33,0.61,543333
Sam Huff,25,0,Maj-AL,Texas,12,25,23,1,3,0,0,1,2,2,0,10,0,0,0,1,0,0,0.13,0.2,0.261,0.461,669087
Cooper Hummel,28,103,Maj-AL,Seattle,10,26,23,2,2,1,0,0,0,2,0,9,1,0,0,1,1,0,0.087,0.192,0.13,0.323,669450
Andy Ib\xc3\xa1\xc3\xb1ez,30,0,Maj-AL,Detroit,72,243,232,29,56,17,1,7,20,10,0,45,1,0,0,5,0,0,0.241,0.276,0.414,0.69,628451
Jonathan India,26,2,Maj-NL,Cincinnati,103,453,394,68,99,20,0,14,52,39,0,91,14,0,6,12,12,2,0.251,0.336,0.409,0.744,663697
Kyle Isbel,26,1,Maj-AL,Kansas City,51,182,174,22,40,14,1,4,16,7,0,35,1,0,0,2,4,1,0.23,0.264,0.391,0.655,664728
Travis Jankowski,32,1,Maj-AL,Texas,66,203,175,28,54,10,1,1,22,24,0,29,2,1,1,2,15,1,0.309,0.396,0.394,0.79,608671
Danny Jansen,28,0,Maj-AL,Toronto,68,234,215,29,49,12,0,14,46,16,1,51,3,0,0,3,0,0,0.228,0.291,0.479,0.77,643376
Ryan Jeffers,26,2,Maj-AL,Minnesota,60,191,160,24,45,8,1,5,16,20,0,54,7,4,0,4,3,1,0.281,0.385,0.438,0.823,680777
Eloy Jim\xc3\xa9nez,26,1,Maj-AL,Chicago,71,297,277,33,79,14,0,13,47,19,1,65,0,0,1,10,0,0,0.285,0.33,0.477,0.807,650391
Connor Joe,30,0,Maj-NL,Pittsburgh,90,299,264,40,64,19,3,7,25,29,0,81,6,0,0,4,3,5,0.242,0.331,0.417,0.748,656582
Bryce Johnson,27,28,Maj-NL,San Francisco,30,48,43,7,7,1,0,1,3,4,0,15,0,0,1,0,3,0,0.163,0.229,0.256,0.485,669369
Jahmai Jones,25,5,Maj-NL,Milwaukee,7,11,10,2,2,1,0,0,3,1,0,5,0,0,0,0,1,0,0.2,0.273,0.3,0.573,663330
Nolan Jones,25,0,Maj-NL,Colorado,50,185,165,22,45,8,0,9,22,19,1,62,1,0,0,1,7,1,0.273,0.351,0.485,0.836,666134
Aaron Judge,31,1,Maj-AL,New York,51,222,181,44,54,10,0,20,42,38,4,64,0,0,3,3,3,1,0.298,0.414,0.685,1.1,592450
Edouard Julien,24,0,Maj-AL,Minnesota,58,211,181,30,54,11,1,10,18,25,0,65,2,1,2,2,2,0,0.298,0.386,0.536,0.922,666397
Corey Julks,27,0,Maj-AL,Houston,84,303,279,35,70,13,0,6,32,21,0,72,1,0,2,5,15,3,0.251,0.304,0.362,0.666,667452
Josh Jung,25,0,Maj-AL,Texas,103,439,408,65,111,23,1,20,61,27,0,129,3,0,1,6,1,3,0.272,0.321,0.48,0.802,673962
Connor Kaiser,26,39,Maj-NL,Colorado,3,4,4,0,0,0,0,0,0,0,0,2,0,0,0,0,0,0,0.0,0.0,0.0,0.0,663731
Jarred Kelenic,23,11,Maj-AL,Seattle,90,362,326,43,82,24,2,11,45,33,3,118,1,0,2,6,12,4,0.252,0.32,0.439,0.759,672284
Carson Kelly,28,0,Maj-NL,Arizona,23,72,69,3,12,1,0,1,6,2,0,21,0,0,1,1,0,0,0.174,0.194,0.232,0.426,608348
Tony Kemp,31,0,Maj-AL,Oakland,86,313,271,33,58,10,3,3,21,29,0,29,5,6,2,7,12,2,0.214,0.3,0.306,0.606,643393
Max Kepler,30,0,Maj-AL,Minnesota,79,291,263,39,61,11,0,15,39,22,0,64,3,0,3,6,0,1,0.232,0.296,0.445,0.74,596146
Grae Kessinger,25,0,Maj-AL,Houston,15,33,28,2,6,1,0,1,1,5,0,6,0,0,0,0,0,1,0.214,0.333,0.357,0.69,666197
Kevin Kiermaier,33,0,Maj-AL,Toronto,88,282,254,39,70,13,5,5,23,21,0,58,4,1,2,7,11,0,0.276,0.338,0.425,0.763,595281
Ha-Seong Kim,27,0,Maj-NL,San Diego,101,391,333,57,93,14,0,14,39,49,0,80,3,3,3,4,21,6,0.279,0.374,0.447,0.821,673490
Isiah Kiner-Falefa,28,0,Maj-AL,New York,80,240,214,30,55,8,1,5,28,20,0,40,2,1,3,8,9,4,0.257,0.322,0.374,0.696,643396
Alex Kirilloff,25,1,Maj-AL,Minnesota,69,258,226,24,61,13,1,8,32,25,1,69,6,0,1,1,0,0,0.27,0.357,0.443,0.799,666135
Alejandro Kirk,24,0,Maj-AL,Toronto,78,264,234,20,60,6,0,6,28,24,1,30,5,0,1,13,0,0,0.256,0.337,0.359,0.696,672386
Andrew Knizner,28,0,Maj-NL,St. Louis,42,139,134,21,33,6,0,8,24,4,0,38,0,1,0,2,1,0,0.246,0.268,0.47,0.738,668800
Taylor Kohlwey,28,2,Maj-NL,San Diego,5,13,13,0,2,0,0,0,0,0,0,5,0,0,0,0,0,0,0.154,0.154,0.154,0.308,670128
Mark Kolozsvary,27,47,Maj-AL,Baltimore,1,0,0,0,0,0,0,0,0,0,0,0,0,0,0,0,0,0,,,,,656627
Ryan Kreidler,25,107,Maj-AL,Detroit,11,18,18,2,2,0,0,0,0,0,0,7,0,0,0,0,0,0,0.111,0.111,0.111,0.222,668952
Steven Kwan,25,0,Maj-AL,Cleveland,105,478,425,70,118,26,3,5,37,46,2,52,3,1,3,6,15,2,0.278,0.35,0.388,0.738,680757
Tommy La Stella,34,91,Maj-AL,Seattle,12,24,21,2,4,1,0,0,2,3,0,5,0,0,0,0,0,0,0.191,0.292,0.238,0.53,600303
Jake Lamb,32,85,Maj-AL,Los Angeles,18,54,51,7,11,1,0,2,5,3,0,15,0,0,0,1,0,0,0.216,0.259,0.353,0.612,571875
Shea Langeliers,25,0,Maj-AL,Oakland,90,336,307,35,62,14,3,10,35,23,2,100,4,1,1,8,1,2,0.202,0.266,0.365,0.631,669127
Trevor Larnach,26,4,Maj-AL,Minnesota,50,188,162,23,35,6,3,6,32,24,1,67,0,0,2,1,1,1,0.216,0.314,0.401,0.715,663616
Ram\xc3\xb3n Laureano,28,0,Maj-AL,Oakland,61,237,218,24,48,10,3,6,21,15,0,72,4,0,0,4,8,0,0.22,0.283,0.376,0.659,657656
DJ LeMahieu,34,1,Maj-AL,New York,89,358,320,34,75,16,2,8,28,34,2,80,2,0,2,8,0,2,0.234,0.31,0.372,0.682,518934
Sandy Le\xc3\xb3n,34,47,Maj-AL,Texas,21,44,41,4,6,2,0,0,4,1,0,20,1,1,0,2,0,0,0.146,0.186,0.195,0.381,506702
Josh Lester,28,37,Maj-AL,Baltimore,11,23,22,0,4,0,0,0,4,1,0,7,0,0,0,1,0,0,0.182,0.217,0.182,0.399,623507
Kyle Lewis,27,23,Maj-NL,Arizona,11,35,33,1,6,1,0,1,2,2,0,11,0,0,0,0,0,0,0.182,0.229,0.303,0.532,641786
Royce Lewis,24,29,Maj-AL,Minnesota,26,99,95,11,31,2,0,4,15,3,0,28,1,0,0,1,1,0,0.326,0.354,0.474,0.827,668904
Francisco Lindor,29,0,Maj-NL,New York,105,452,394,65,93,23,2,21,65,46,0,97,7,0,5,7,17,1,0.236,0.323,0.465,0.788,596019
Tim Locastro,30,105,Maj-NL,New York,11,10,7,3,0,0,0,0,0,0,0,2,3,0,0,0,4,0,0.0,0.3,0.0,0.3,641796
Evan Longoria,37,5,Maj-NL,Arizona,55,178,160,24,38,9,0,11,24,16,0,58,0,0,2,5,0,0,0.238,0.303,0.5,0.803,446334
Nicky Lopez,28,0,Maj-AL,Kansas City,68,190,160,19,34,5,3,0,13,21,0,30,5,4,0,3,4,2,0.213,0.323,0.281,0.604,670032
Brandon Lowe,28,0,Maj-AL,Tampa Bay,70,274,239,34,54,10,1,13,40,32,0,76,2,0,1,5,5,0,0.226,0.321,0.439,0.761,664040
Josh Lowe,25,0,Maj-AL,Tampa Bay,87,317,295,42,80,20,1,13,55,20,0,87,0,0,2,3,22,2,0.271,0.316,0.478,0.794,666139
Nathaniel Lowe,27,0,Maj-AL,Texas,105,476,408,69,117,28,2,12,57,62,2,100,3,0,3,11,0,0,0.287,0.382,0.453,0.836,663993
Marco Luciano,21,0,Maj-NL,San Francisco,4,12,11,2,3,1,0,0,0,1,0,5,0,0,0,0,0,0,0.273,0.333,0.364,0.697,682617
Nathan Lukes,28,12,Maj-AL,Toronto,25,25,21,4,4,1,1,0,2,3,0,8,0,0,1,0,0,0,0.191,0.28,0.333,0.613,664770
Jordan Luplow,29,5,Maj-AL,Toronto,6,16,13,1,3,0,0,0,1,3,1,7,0,0,0,0,0,0,0.231,0.375,0.231,0.606,656669
Manny Machado,30,0,Maj-NL,San Diego,90,390,354,51,92,14,0,20,62,30,0,68,2,0,4,14,3,1,0.26,0.318,0.469,0.787,592518
Nick Madrigal,26,0,Maj-NL,Chicago,54,174,158,24,44,9,1,1,17,7,0,16,6,3,0,3,7,2,0.279,0.333,0.367,0.7,663611
Bligh Madris,27,7,Maj-AL,Houston,11,30,26,4,4,1,0,0,0,4,0,7,0,0,0,0,0,0,0.154,0.267,0.192,0.459,676632
Drew Maggi,34,92,Maj-NL,Pittsburgh,3,6,6,1,2,1,0,0,1,0,0,1,0,0,0,0,0,0,0.333,0.333,0.5,0.833,543482
Luke Maile,32,1,Maj-NL,Cincinnati,47,116,108,10,26,8,0,4,13,7,0,30,1,0,0,5,1,0,0.241,0.293,0.426,0.719,571912
Mart\xc3\xadn Maldonado,36,0,Maj-AL,Houston,78,272,242,19,41,8,0,8,18,19,0,88,3,8,0,8,0,0,0.169,0.239,0.302,0.54,455117
Trey Mancini,31,0,Maj-NL,Chicago,78,261,234,31,55,12,0,4,28,20,1,77,2,0,3,5,0,0,0.235,0.297,0.338,0.635,641820
Tucupita Marcano,23,6,Maj-NL,Pittsburgh,75,220,202,16,47,12,2,3,18,10,0,35,3,3,2,2,5,2,0.233,0.277,0.356,0.633,672779
Manuel Margot,28,1,Maj-AL,Tampa Bay,78,258,236,33,60,15,1,3,26,16,0,44,3,0,3,6,7,3,0.254,0.306,0.364,0.671,622534
Jake Marisnick,32,12,"Maj-AL,Maj-NL","Chicago,Detroit,Los Angeles",46,83,76,10,18,3,2,2,10,3,0,21,2,1,1,4,2,3,0.237,0.281,0.408,0.688,545350
Cade Marlowe,26,0,Maj-AL,Seattle,8,23,18,3,4,1,1,1,1,5,0,4,0,0,0,0,2,0,0.222,0.391,0.556,0.947,687799
Brandon Marsh,25,0,Maj-NL,Philadelphia,95,343,298,38,84,19,6,7,40,39,2,106,2,1,3,3,6,2,0.282,0.366,0.456,0.822,669016
Ketel Marte,29,0,Maj-NL,Arizona,99,435,382,71,113,18,7,17,55,45,1,70,5,0,3,12,6,2,0.296,0.375,0.513,0.888,606466
Starling Marte,34,14,Maj-NL,New York,84,333,307,38,78,7,1,5,28,16,1,66,8,2,0,8,24,4,0.254,0.308,0.332,0.64,516782
J.D. Martinez,35,1,Maj-NL,Los Angeles,84,365,331,48,86,21,2,25,75,25,1,112,2,0,7,8,1,0,0.26,0.31,0.562,0.872,502110
Michael Massey,25,0,Maj-AL,Kansas City,79,272,249,21,54,8,1,8,30,17,0,69,3,0,3,1,5,1,0.217,0.272,0.353,0.626,686681
Miles Mastrobuoni,27,2,Maj-NL,Chicago,42,113,99,14,21,3,0,1,4,12,0,26,0,2,0,1,10,0,0.212,0.297,0.273,0.57,670156
Jorge Mateo,28,4,Maj-AL,Baltimore,86,271,246,40,52,12,1,6,31,16,0,67,1,4,3,6,23,3,0.211,0.259,0.342,0.601,622761
Mark Mathias,28,43,Maj-NL,Pittsburgh,22,62,52,5,12,2,0,0,4,10,0,11,0,0,0,3,3,0,0.231,0.355,0.269,0.624,664029
Nick Maton,26,1,Maj-AL,Detroit,84,271,229,27,40,8,0,7,29,37,1,66,3,0,2,4,1,2,0.175,0.295,0.301,0.597,665155
Luis Matos,21,0,Maj-NL,San Francisco,38,137,125,15,33,6,1,1,8,9,0,14,2,1,0,1,3,0,0.264,0.324,0.352,0.676,682641
James McCann,33,0,Maj-AL,Baltimore,41,133,123,12,24,8,0,3,10,3,0,31,3,3,1,3,2,0,0.195,0.231,0.333,0.564,543510
Jake McCarthy,25,1,Maj-NL,Arizona,74,256,227,32,58,6,5,2,14,22,0,52,4,2,1,4,23,3,0.256,0.331,0.352,0.683,664983
Chas McCormick,28,0,Maj-AL,Houston,66,262,228,35,65,12,2,13,44,26,0,70,6,1,1,1,11,1,0.285,0.372,0.526,0.898,676801
Andrew McCutchen,36,0,Maj-NL,Pittsburgh,85,361,296,44,76,12,0,10,28,59,1,76,2,0,4,5,10,3,0.257,0.38,0.399,0.778,457705
Reese McGuire,28,39,Maj-AL,Boston,40,116,105,11,28,9,0,0,11,7,0,32,0,2,0,1,0,1,0.267,0.313,0.352,0.665,624512
Ryan McKenna,26,0,Maj-AL,Baltimore,65,92,82,17,22,5,0,2,11,5,0,26,3,0,2,3,1,0,0.268,0.326,0.402,0.729,663630
Billy McKinney,28,2,Maj-AL,New York,34,101,90,13,22,3,1,5,11,10,1,25,1,0,0,1,1,0,0.244,0.327,0.467,0.793,641856
Zach McKinstry,28,0,Maj-AL,Detroit,98,341,303,43,72,13,2,7,24,32,0,71,2,2,2,1,12,2,0.238,0.313,0.363,0.676,656716
Matt McLain,23,0,Maj-NL,Cincinnati,65,296,266,50,81,19,4,11,37,23,0,82,7,0,0,4,8,4,0.305,0.375,0.53,0.905,680574
Ryan McMahon,28,0,Maj-NL,Colorado,101,420,373,54,96,22,3,16,50,45,2,128,1,0,1,15,5,3,0.257,0.338,0.461,0.799,641857
Jeff McNeil,31,0,Maj-NL,New York,104,425,377,44,95,16,2,3,34,30,0,47,14,2,2,5,5,0,0.252,0.329,0.329,0.658,643446
Austin Meadows,28,115,Maj-AL,Detroit,6,21,21,0,5,1,0,0,2,0,0,3,0,0,0,0,0,0,0.238,0.238,0.286,0.524,640457
Francisco Mej\xc3\xada,27,10,Maj-AL,Tampa Bay,50,160,150,22,34,11,0,5,19,6,0,38,1,1,2,2,0,1,0.227,0.258,0.4,0.658,642336
MJ Melendez,24,0,Maj-AL,Kansas City,99,407,364,39,79,21,2,8,35,37,1,118,3,0,3,3,5,2,0.217,0.292,0.352,0.644,669004
Danny Mendick,29,0,Maj-NL,New York,10,18,17,1,3,2,0,0,0,1,0,6,0,0,0,0,0,0,0.177,0.222,0.294,0.516,664901
Joey Meneses,31,0,Maj-NL,Washington,98,422,395,41,110,23,1,7,55,25,0,84,0,0,2,12,0,0,0.279,0.32,0.395,0.715,608841
\xc3\x93scar Mercado,28,29,Maj-NL,St. Louis,20,32,31,3,9,3,0,0,5,1,0,4,0,0,0,0,2,1,0.29,0.313,0.387,0.7,640458
Whit Merrifield,34,0,Maj-AL,Toronto,97,391,358,48,109,19,0,8,49,26,0,67,3,0,4,10,21,8,0.305,0.353,0.425,0.778,593160
Matt Mervis,25,46,Maj-NL,Chicago,27,99,90,8,15,2,0,3,11,8,0,32,1,0,0,1,0,0,0.167,0.242,0.289,0.531,670223
Jake Meyers,27,1,Maj-AL,Houston,79,264,234,33,54,13,1,7,23,25,0,70,4,0,1,2,5,1,0.231,0.314,0.385,0.699,676694
Brad Miller,33,6,Maj-AL,Texas,26,64,53,8,12,4,0,1,6,10,0,11,0,0,1,1,0,0,0.226,0.344,0.359,0.702,543543
Owen Miller,26,4,Maj-NL,Milwaukee,85,308,286,29,76,17,0,5,27,16,1,60,2,0,4,6,13,2,0.266,0.305,0.378,0.683,680911
Shelby Miller,32,90,Maj-NL,Los Angeles,1,1,1,0,0,0,0,0,0,0,0,0,0,0,0,0,0,0,0.0,0.0,0.0,0.0,571946
Jose Miranda,25,21,Maj-AL,Minnesota,40,152,142,12,30,4,0,3,13,9,0,24,1,0,0,8,0,0,0.211,0.263,0.303,0.566,669304
Calvin Mitchell,24,39,Maj-NL,Pittsburgh,2,5,4,0,0,0,0,0,0,1,0,1,0,0,0,0,0,0,0.0,0.2,0.0,0.2,668751
Garrett Mitchell,24,103,Maj-NL,Milwaukee,16,62,58,9,15,1,1,3,6,4,0,24,0,0,0,0,1,0,0.259,0.307,0.466,0.772,669003
Andruw Monasterio,26,0,Maj-NL,Milwaukee,39,123,109,19,32,8,0,1,8,14,0,26,0,0,0,1,4,0,0.294,0.374,0.395,0.769,655316
Yo\xc3\xa1n Moncada,28,0,Maj-AL,Chicago,43,168,157,17,36,8,1,3,16,8,0,44,2,0,1,2,1,0,0.229,0.274,0.35,0.624,660162
Mickey Moniak,25,0,Maj-AL,Los Angeles,53,206,196,28,63,16,1,11,35,7,0,63,3,0,0,1,4,2,0.321,0.354,0.582,0.936,666160
Elehuris Montero,24,0,Maj-NL,Colorado,38,121,115,13,24,5,1,3,15,3,0,48,1,0,2,2,0,0,0.209,0.231,0.348,0.579,660707
Coco Montes,26,28,Maj-NL,Colorado,18,41,38,3,7,2,0,1,3,2,0,12,1,0,0,0,0,0,0.184,0.244,0.316,0.56,663796
Dylan Moore,30,2,Maj-AL,Seattle,22,52,46,7,8,2,0,4,9,5,0,22,1,0,0,0,2,1,0.174,0.269,0.478,0.748,664238
Christopher Morel,24,0,Maj-NL,Chicago,62,253,227,45,64,9,1,16,48,21,0,80,2,1,2,6,4,1,0.282,0.345,0.542,0.887,666624
Gabriel Moreno,23,8,Maj-NL,Arizona,74,244,222,17,60,11,0,3,28,16,0,54,1,0,5,9,4,0,0.27,0.316,0.36,0.676,672515
Taylor Motter,33,0,Maj-NL,St. Louis,13,42,38,1,6,2,0,0,2,4,0,16,0,0,0,0,0,0,0.158,0.238,0.211,0.449,600301
Ryan Mountcastle,26,1,Maj-AL,Baltimore,74,301,279,41,67,15,1,13,43,15,0,73,2,0,5,8,2,0,0.24,0.279,0.441,0.72,663624
Mike Moustakas,34,0,"Maj-AL,Maj-NL","Colorado,Los Angeles",72,236,210,35,56,9,0,9,30,20,1,62,3,0,3,5,0,0,0.267,0.335,0.438,0.773,519058
Cedric Mullins,28,15,Maj-AL,Baltimore,69,290,251,33,65,16,3,9,47,35,0,58,0,2,2,3,14,3,0.259,0.347,0.454,0.801,656775
Max Muncy,32,0,Maj-NL,Los Angeles,87,367,305,60,60,8,0,27,70,56,3,101,4,0,2,5,1,2,0.197,0.327,0.489,0.816,571970
Sean Murphy,28,0,Maj-NL,Atlanta,77,314,270,46,75,18,0,17,58,33,0,76,10,0,1,12,0,0,0.278,0.376,0.533,0.909,669221
Tom Murphy,32,1,Maj-AL,Seattle,40,135,123,16,35,12,0,8,16,8,0,38,1,0,2,3,0,0,0.285,0.328,0.577,0.906,608596
Dane Myers,27,1,Maj-NL,Miami,16,61,59,7,17,2,0,1,9,1,0,16,0,0,1,1,0,1,0.288,0.295,0.373,0.668,667472
Wil Myers,32,68,Maj-NL,Cincinnati,36,141,127,11,24,3,0,3,12,12,0,48,0,1,1,3,2,1,0.189,0.257,0.284,0.541,571976
Omar Narv\xc3\xa1ez,31,0,Maj-NL,New York,23,61,50,6,10,0,0,1,5,8,0,10,0,0,3,0,0,0,0.2,0.295,0.26,0.555,553882
Bo Naylor,23,1,Maj-AL,Cleveland,25,86,80,11,17,3,0,4,12,6,0,25,0,0,0,1,1,0,0.213,0.267,0.4,0.667,666310
Josh Naylor,26,0,Maj-AL,Cleveland,95,386,357,41,110,25,0,15,79,23,7,57,1,0,5,7,6,2,0.308,0.347,0.504,0.851,647304
Zach Neto,22,3,Maj-AL,Los Angeles,63,238,211,31,53,13,0,8,28,12,0,50,12,1,2,4,5,0,0.251,0.325,0.427,0.751,687263
Tyler Nevin,26,24,Maj-AL,Detroit,22,56,49,3,6,0,0,1,5,5,0,12,1,0,1,1,0,0,0.122,0.214,0.184,0.398,663527
Kevin Newman,29,0,Maj-NL,Cincinnati,66,228,202,25,53,15,0,3,28,16,0,29,3,2,5,6,7,1,0.262,0.319,0.381,0.7,621028
Tom\xc3\xa1s Nido,29,57,Maj-NL,New York,22,61,56,5,7,0,0,0,1,2,0,18,0,2,1,2,0,0,0.125,0.153,0.125,0.278,621512
Brandon Nimmo,30,0,Maj-NL,New York,103,466,399,61,102,17,4,15,47,52,0,105,10,1,4,2,3,2,0.256,0.353,0.431,0.784,607043
Ryan Noda,27,12,Maj-AL,Oakland,90,341,275,43,63,17,1,11,38,60,1,116,5,0,1,1,2,1,0.229,0.375,0.418,0.794,676116
Austin Nola,33,15,Maj-NL,San Diego,52,154,130,9,19,3,0,1,8,18,0,31,2,4,0,5,0,0,0.146,0.26,0.192,0.452,543592
Lars Nootbaar,25,0,Maj-NL,St. Louis,76,327,275,52,75,14,0,10,34,48,2,69,0,1,3,4,7,1,0.273,0.377,0.433,0.81,663457
Ryan O\'Hearn,29,0,Maj-AL,Baltimore,61,197,181,25,55,13,0,9,36,11,1,44,2,0,3,1,1,1,0.304,0.345,0.525,0.87,656811
Logan O\'Hoppe,23,101,Maj-AL,Los Angeles,16,59,53,5,15,2,0,4,13,4,0,15,1,0,1,2,0,0,0.283,0.339,0.547,0.886,681351
Tyler O\'Neill,28,0,Maj-NL,St. Louis,39,140,126,16,32,8,0,2,10,14,0,42,0,0,0,3,2,0,0.254,0.329,0.365,0.694,641933
Rougned Odor,29,14,Maj-NL,San Diego,59,157,138,21,29,10,0,4,18,17,0,37,2,0,0,2,2,1,0.21,0.306,0.37,0.675,596059
Shohei Ohtani,28,0,Maj-AL,Los Angeles,104,467,391,81,118,17,7,39,81,66,12,109,2,0,3,7,12,4,0.302,0.403,0.68,1.083,660271
Chris Okey,28,77,Maj-AL,Los Angeles,2,2,2,0,0,0,0,0,0,0,0,2,0,0,0,0,0,0,0.0,0.0,0.0,0.0,608360
Edward Olivares,27,1,Maj-AL,Kansas City,75,274,252,35,62,15,4,6,19,14,1,46,6,0,2,4,8,3,0.246,0.299,0.409,0.708,658668
Matt Olson,29,0,Maj-NL,Atlanta,103,460,394,79,102,19,2,35,88,61,2,123,3,0,2,8,1,0,0.259,0.361,0.584,0.945,621566
Joey Ortiz,24,37,Maj-AL,Baltimore,15,34,33,4,7,1,0,0,4,0,0,9,0,0,1,2,0,0,0.212,0.206,0.242,0.448,687401
James Outman,26,0,Maj-NL,Los Angeles,98,358,310,52,77,12,3,12,44,39,1,117,7,0,2,0,12,2,0.248,0.344,0.423,0.766,681546
Chris Owings,31,60,Maj-NL,Pittsburgh,10,25,25,0,4,0,0,0,0,0,0,12,0,0,0,1,0,0,0.16,0.16,0.16,0.32,572008
Marcell Ozuna,32,0,Maj-NL,Atlanta,87,349,313,45,74,10,0,22,49,33,1,82,1,0,2,7,0,0,0.236,0.31,0.479,0.789,542303
Cristian Pache,24,21,Maj-NL,Philadelphia,32,53,49,8,16,7,0,2,8,3,0,12,0,1,0,1,1,0,0.327,0.365,0.592,0.957,665506
Kevin Padlo,26,36,Maj-AL,Los Angeles,3,8,8,1,1,1,0,0,0,0,0,0,0,0,0,1,0,0,0.125,0.125,0.25,0.375,656821
Josh Palacios,27,0,Maj-NL,Pittsburgh,44,117,111,10,28,8,1,2,15,4,0,17,1,1,0,5,2,0,0.252,0.285,0.396,0.681,641943
Isaac Paredes,24,0,Maj-AL,Tampa Bay,94,354,303,47,77,15,0,20,62,37,0,64,13,0,1,5,1,0,0.254,0.359,0.502,0.861,670623
Vinnie Pasquantino,25,51,Maj-AL,Kansas City,61,260,231,24,57,17,0,9,26,25,2,31,2,0,1,7,0,0,0.247,0.324,0.437,0.762,686469
Joc Pederson,31,0,Maj-NL,San Francisco,70,252,208,39,51,8,2,11,37,37,2,53,5,0,2,7,0,0,0.245,0.369,0.462,0.831,592626
Liover Peguero,22,0,Maj-NL,Pittsburgh,9,27,25,3,6,1,0,2,6,1,0,11,1,0,0,0,0,0,0.24,0.296,0.52,0.816,678894
Jeremy Pe\xc3\xb1a,25,0,Maj-AL,Houston,95,401,371,49,89,18,1,10,39,20,1,88,8,0,1,4,10,7,0.24,0.293,0.375,0.667,665161
David Peralta,35,0,Maj-NL,Los Angeles,86,277,259,27,71,12,1,7,37,14,1,46,1,0,3,4,1,1,0.274,0.311,0.409,0.72,444482
Oswald Peraza,23,4,Maj-AL,New York,19,64,52,5,9,1,0,0,6,8,0,16,4,0,0,1,4,1,0.173,0.328,0.192,0.52,672724
Geraldo Perdomo,23,0,Maj-NL,Arizona,88,328,269,46,75,16,3,5,37,44,1,52,4,9,2,1,12,2,0.279,0.386,0.416,0.802,672695
Carlos P\xc3\xa9rez,32,29,Maj-AL,Oakland,47,140,125,12,29,4,0,5,17,11,0,27,1,0,3,1,0,0,0.232,0.293,0.384,0.677,542208
Carlos P\xc3\xa9rez,26,7,Maj-AL,Chicago,12,16,15,0,2,1,0,0,1,1,0,5,0,0,0,1,0,0,0.133,0.188,0.2,0.388,656024
Michael Perez,30,73,Maj-NL,New York,2,7,7,1,4,1,0,0,0,0,0,1,0,0,0,0,0,0,0.571,0.571,0.714,1.286,605421
Roberto P\xc3\xa9rez,34,114,Maj-NL,San Francisco,5,17,15,0,2,0,0,0,1,2,0,6,0,0,0,0,0,0,0.133,0.235,0.133,0.369,547379
Salvador Perez,33,0,Maj-AL,Kansas City,95,391,365,41,90,16,0,17,44,13,3,95,10,0,3,9,0,0,0.247,0.289,0.43,0.719,521692
Blake Perkins,26,0,Maj-NL,Milwaukee,51,132,113,19,24,4,0,2,15,17,0,38,0,2,0,1,5,2,0.212,0.315,0.301,0.616,663368
Jace Peterson,33,1,Maj-AL,Oakland,92,324,281,30,62,7,2,6,28,36,1,77,3,1,3,6,11,1,0.221,0.313,0.324,0.637,607054
Tommy Pham,35,0,Maj-NL,New York,79,264,231,29,62,15,1,10,36,29,1,56,1,0,3,2,11,1,0.268,0.349,0.472,0.82,502054
Brett Phillips,29,76,Maj-AL,Los Angeles,19,16,13,3,1,0,0,0,2,3,0,8,0,0,0,0,3,0,0.077,0.25,0.077,0.327,621433
Kevin Pillar,34,4,Maj-NL,Atlanta,51,121,115,17,28,7,0,6,18,5,0,29,0,0,1,0,3,0,0.244,0.273,0.461,0.734,607680
Manny Pi\xc3\xb1a,36,21,Maj-AL,Oakland,4,12,12,1,3,0,0,1,1,0,0,3,0,0,0,1,0,0,0.25,0.25,0.5,0.75,444489
Ren\xc3\xa9 Pinto,26,0,Maj-AL,Tampa Bay,3,9,9,1,1,0,0,0,0,0,0,3,0,0,0,0,0,0,0.111,0.111,0.111,0.222,650907
Jorge Polanco,29,0,Maj-AL,Minnesota,33,141,132,12,32,10,0,5,19,8,0,32,1,0,0,1,1,0,0.242,0.291,0.432,0.723,593871
AJ Pollock,35,9,Maj-AL,Seattle,49,138,127,15,22,4,0,5,15,9,0,30,0,0,2,1,0,1,0.173,0.225,0.323,0.547,572041
Nick Pratto,24,4,Maj-AL,Kansas City,78,299,261,31,62,15,0,7,31,29,0,112,6,0,3,3,1,1,0.238,0.324,0.376,0.7,668472
Jurickson Profar,30,0,Maj-NL,Colorado,92,404,354,43,86,21,2,7,36,40,0,72,5,0,4,9,1,0,0.243,0.325,0.373,0.698,595777
Cal Raleigh,26,0,Maj-AL,Seattle,90,342,308,47,70,16,1,14,41,33,1,92,1,0,0,2,0,0,0.227,0.304,0.422,0.726,663728
Luke Raley,28,0,Maj-AL,Tampa Bay,84,291,254,46,68,18,2,15,40,21,0,87,14,1,1,2,11,2,0.268,0.355,0.532,0.887,670042
Harold Ram\xc3\xadrez,28,0,Maj-AL,Tampa Bay,78,285,261,34,74,11,1,9,37,18,0,56,3,0,3,3,4,3,0.284,0.333,0.437,0.77,623912
Jos\xc3\xa9 Ram\xc3\xadrez,30,0,Maj-AL,Cleveland,102,457,404,67,118,26,4,18,63,46,12,45,1,0,6,7,13,4,0.292,0.361,0.51,0.871,608070
Heliot Ramos,23,99,Maj-NL,San Francisco,9,27,26,1,5,2,0,0,1,1,0,8,0,0,0,1,0,0,0.192,0.222,0.269,0.491,671218
Henry Ramos,31,72,Maj-NL,Cincinnati,18,73,62,8,15,2,1,0,4,10,0,15,1,0,0,2,2,1,0.242,0.356,0.307,0.663,592656
J.T. Realmuto,32,1,Maj-NL,Philadelphia,92,367,330,44,80,22,5,12,42,25,2,92,6,0,4,7,12,3,0.242,0.304,0.449,0.753,592663
Rob Refsnyder,32,0,Maj-AL,Boston,63,183,151,22,41,6,1,1,26,24,0,37,5,1,1,4,7,2,0.272,0.387,0.344,0.731,608701
Zach Remillard,29,1,Maj-AL,Chicago,29,100,89,12,26,5,0,1,13,8,1,28,1,2,0,3,3,1,0.292,0.357,0.382,0.739,621545
Anthony Rendon,33,26,Maj-AL,Los Angeles,43,183,148,23,35,6,0,2,22,25,0,27,6,0,4,6,2,0,0.237,0.361,0.318,0.678,543685
Hunter Renfroe,31,0,Maj-AL,Los Angeles,98,403,367,48,94,25,0,17,47,31,0,86,2,0,3,13,0,0,0.256,0.315,0.463,0.778,592669
Luis Rengifo,26,0,Maj-AL,Los Angeles,91,304,267,38,61,9,3,9,32,32,0,60,3,0,2,3,5,4,0.229,0.316,0.386,0.702,650859
Franmil Reyes,27,91,Maj-AL,Kansas City,19,65,59,5,11,0,0,2,7,4,0,24,0,0,2,3,0,0,0.186,0.231,0.288,0.519,614177
Pablo Reyes,29,0,Maj-AL,Boston,29,73,67,9,20,4,0,0,9,4,0,10,0,1,1,1,1,1,0.299,0.333,0.358,0.692,622569
Bryan Reynolds,28,0,Maj-NL,Pittsburgh,91,394,353,48,91,21,3,12,49,32,0,80,4,0,5,9,8,0,0.258,0.322,0.436,0.759,668804
Matt Reynolds,32,89,Maj-NL,Cincinnati,2,5,5,1,1,0,0,0,0,0,0,3,0,0,0,0,0,0,0.2,0.2,0.2,0.4,608703
Austin Riley,26,0,Maj-NL,Atlanta,103,454,408,75,112,18,1,24,64,36,2,105,4,0,6,14,2,0,0.275,0.335,0.5,0.835,663586
Edwin Rios,29,57,Maj-NL,Chicago,18,34,28,3,2,1,0,1,2,5,0,16,1,0,0,0,0,0,0.071,0.235,0.214,0.45,621458
Alfonso Rivas,26,0,Maj-NL,San Diego,8,17,15,2,3,2,0,0,1,2,0,7,0,0,0,0,0,0,0.2,0.294,0.333,0.627,663845
Emmanuel Rivera,27,0,Maj-NL,Arizona,58,215,199,32,58,12,0,4,23,14,0,43,0,0,2,5,1,0,0.292,0.335,0.412,0.747,656896
Anthony Rizzo,33,0,Maj-AL,New York,97,413,365,45,89,14,0,12,41,35,1,95,12,0,1,10,0,3,0.244,0.329,0.381,0.71,519203
Luis Robert Jr.,25,0,Maj-AL,Chicago,104,439,401,70,108,29,0,29,60,22,4,128,10,0,1,8,12,2,0.269,0.323,0.559,0.881,673357
Victor Robles,26,40,Maj-NL,Washington,36,126,107,15,32,5,1,0,8,11,0,18,4,4,0,3,8,1,0.299,0.385,0.365,0.75,645302
Brayan Rocchio,22,58,Maj-AL,Cleveland,4,14,14,0,3,0,0,0,1,0,0,1,0,0,0,2,0,0,0.214,0.214,0.214,0.429,677587
Endy Rodr\xc3\xadguez,23,0,Maj-NL,Pittsburgh,12,39,36,5,8,2,1,1,5,3,0,14,0,0,0,0,0,0,0.222,0.282,0.417,0.699,682848
Jos\xc3\xa9 Rodriguez,22,40,Maj-AL,Chicago,1,0,0,1,0,0,0,0,0,0,0,0,0,0,0,0,0,0,,,,,679563
Julio Rodr\xc3\xadguez,22,0,Maj-AL,Seattle,102,466,426,62,107,21,1,17,55,33,1,120,7,0,0,12,24,5,0.251,0.316,0.425,0.74,677594
Jake Rogers,28,0,Maj-AL,Detroit,69,226,200,31,43,9,0,12,30,23,0,75,1,1,1,2,0,1,0.215,0.298,0.44,0.738,668670
Johan Rojas,22,0,Maj-NL,Philadelphia,10,25,23,3,8,0,0,0,4,0,0,5,0,2,0,0,3,0,0.348,0.348,0.348,0.696,679032
Josh Rojas,29,0,Maj-NL,Arizona,59,216,189,23,43,13,0,0,26,18,0,51,1,2,4,2,6,0,0.228,0.293,0.296,0.589,668942
Miguel Rojas,34,0,Maj-NL,Los Angeles,77,266,243,29,53,11,0,0,12,18,0,33,2,0,3,5,7,1,0.218,0.274,0.263,0.538,500743
Brent Rooker,28,0,Maj-AL,Oakland,87,337,290,35,72,13,1,17,47,35,1,104,8,0,4,10,2,0,0.248,0.341,0.476,0.817,667670
Ben Rortvedt,25,2,Maj-AL,New York,8,15,13,2,2,1,0,0,1,2,0,4,0,0,0,0,0,0,0.154,0.267,0.231,0.498,666163
Amed Rosario,27,0,"Maj-AL,Maj-NL","Cleveland,Los Angeles",96,417,390,52,105,20,6,3,41,22,0,77,2,0,3,12,9,0,0.269,0.309,0.374,0.684,642708
Eddie Rosario,31,0,Maj-NL,Atlanta,91,331,309,41,77,16,2,16,48,21,1,84,0,0,1,9,1,3,0.249,0.296,0.469,0.765,592696
Darin Ruf,36,58,Maj-NL,"Milwaukee,San Francisco",20,57,49,3,11,3,0,0,3,8,0,16,0,0,0,0,0,0,0.225,0.333,0.286,0.619,573131
Esteury Ruiz,24,25,Maj-AL,Oakland,85,369,334,33,86,19,1,1,35,14,1,68,12,3,1,4,43,8,0.258,0.31,0.329,0.64,665923
Keibert Ruiz,24,0,Maj-NL,Washington,86,357,330,30,81,14,0,11,39,20,0,33,5,0,2,11,1,1,0.246,0.297,0.388,0.685,660688
Adley Rutschman,25,0,Maj-AL,Baltimore,100,444,379,52,103,17,0,14,47,62,5,69,1,0,2,9,0,1,0.272,0.374,0.427,0.801,668939
Blake Sabol,25,0,Maj-NL,San Francisco,77,252,230,29,58,8,0,11,35,16,0,88,3,1,2,4,2,2,0.252,0.307,0.43,0.737,666165
C\xc3\xa9sar Salazar,27,41,Maj-AL,Houston,13,19,18,1,2,0,0,0,0,1,0,6,0,0,0,1,0,0,0.111,0.158,0.111,0.269,663967
Gary S\xc3\xa1nchez,30,0,Maj-NL,"New York,San Diego",51,180,160,24,34,6,0,12,32,17,0,41,1,0,2,2,0,0,0.213,0.289,0.475,0.764,596142
Jes\xc3\xbas S\xc3\xa1nchez,25,1,Maj-NL,Miami,74,238,218,26,56,16,0,10,35,19,1,64,1,0,0,8,3,1,0.257,0.319,0.468,0.787,660821
Carlos Santana,37,0,Maj-NL,"Milwaukee,Pittsburgh",96,402,352,46,82,25,0,13,54,47,0,70,0,0,3,3,6,0,0.233,0.321,0.415,0.736,467793
Anthony Santander,28,0,Maj-AL,Baltimore,101,433,387,53,99,27,1,18,58,39,1,98,4,0,3,5,3,1,0.256,0.328,0.47,0.798,623993
Josh Sborz,29,99,Maj-AL,Texas,1,1,1,0,0,0,0,0,0,0,0,1,0,0,0,0,0,0,0.0,0.0,0.0,0.0,622250
Casey Schmitt,24,0,Maj-NL,San Francisco,65,214,197,21,41,11,0,2,25,10,0,50,5,0,2,6,2,1,0.208,0.262,0.294,0.556,669477
Jonathan Schoop,31,24,Maj-AL,Detroit,55,151,136,15,29,8,0,0,7,13,0,37,0,0,2,6,0,0,0.213,0.278,0.272,0.55,570731
Kyle Schwarber,30,0,Maj-NL,Philadelphia,105,468,387,61,71,13,1,27,65,75,4,139,4,0,2,3,0,2,0.184,0.321,0.432,0.752,656941
Corey Seager,29,9,Maj-AL,Texas,66,298,263,47,92,29,0,15,58,30,2,52,1,0,4,4,1,1,0.35,0.413,0.631,1.044,608369
Jean Segura,33,0,Maj-NL,Miami,84,322,297,25,66,5,2,3,21,22,1,47,2,1,0,12,6,2,0.222,0.28,0.283,0.563,516416
Marcus Semien,32,0,Maj-AL,Texas,106,495,441,83,121,27,2,15,66,46,1,66,2,0,5,2,9,2,0.274,0.342,0.447,0.789,543760
Nick Senzel,28,1,Maj-NL,Cincinnati,72,239,213,32,49,8,0,8,36,23,0,52,1,0,2,6,5,2,0.23,0.305,0.38,0.686,669222
Brian Serven,28,46,Maj-NL,Colorado,11,23,23,0,3,1,0,0,1,0,0,10,0,0,0,0,0,0,0.13,0.13,0.174,0.304,661531
Gavin Sheets,27,0,Maj-AL,Chicago,77,224,200,17,43,4,0,8,26,21,2,41,1,0,2,3,0,0,0.215,0.29,0.355,0.645,657757
Braden Shewmake,25,85,Maj-NL,Atlanta,2,4,4,0,0,0,0,0,0,0,0,1,0,0,0,0,0,0,0.0,0.0,0.0,0.0,669699
Zack Short,28,0,Maj-AL,Detroit,70,167,150,12,33,6,0,5,23,16,0,41,0,0,1,1,1,0,0.22,0.293,0.36,0.653,670097
Jon Singleton,31,46,Maj-NL,Milwaukee,11,32,29,3,3,1,0,0,2,3,0,11,0,0,0,0,0,0,0.103,0.188,0.138,0.325,572138
Jose Siri,27,0,Maj-AL,Tampa Bay,69,254,235,40,53,8,1,20,42,15,0,90,0,1,3,3,7,2,0.226,0.269,0.523,0.792,642350
Austin Slater,30,0,Maj-NL,San Francisco,46,123,111,15,32,3,0,5,17,11,0,32,1,0,0,0,2,2,0.288,0.358,0.451,0.808,596103
Dominic Smith,28,0,Maj-NL,Washington,102,406,366,38,97,13,1,5,30,30,0,62,9,0,1,10,0,0,0.265,0.335,0.347,0.682,642086
Josh H. Smith,25,1,Maj-AL,Texas,58,146,120,24,26,4,0,4,7,16,0,39,8,2,0,2,1,0,0.217,0.347,0.35,0.697,669701
Kevin Smith,26,45,Maj-AL,Oakland,34,102,94,11,18,1,0,4,8,3,0,34,0,5,0,2,1,0,0.192,0.217,0.33,0.546,675656
Pavin Smith,27,31,Maj-NL,Arizona,60,217,184,26,35,5,0,7,30,32,0,43,0,0,0,2,1,1,0.19,0.31,0.332,0.642,656976
Will Smith,28,0,Maj-NL,Los Angeles,80,348,287,52,80,15,1,13,52,48,0,50,7,0,6,5,1,0,0.279,0.388,0.474,0.862,669257
Canaan Smith-Njigba,24,51,Maj-NL,Pittsburgh,15,37,32,3,4,1,1,0,5,4,0,16,0,0,1,1,1,0,0.125,0.216,0.219,0.435,675986
Tyler Soderstrom,21,0,Maj-AL,Oakland,12,43,38,1,8,0,0,0,2,5,0,13,0,0,0,5,0,0,0.211,0.302,0.211,0.513,691016
Nick Solak,28,50,"Maj-AL,Maj-NL","Atlanta,Detroit",2,0,0,1,0,0,0,0,0,0,0,0,0,0,0,0,0,0,,,,,669256
Donovan Solano,35,0,Maj-AL,Minnesota,93,292,250,26,66,20,0,4,23,33,1,67,8,0,1,5,0,0,0.264,0.366,0.392,0.758,456781
Jorge Soler,31,1,Maj-NL,Miami,101,426,371,56,89,19,0,24,54,47,2,105,5,0,3,14,1,0,0.24,0.331,0.485,0.816,624585
Edmundo Sosa,27,0,Maj-NL,Philadelphia,73,207,196,23,49,10,1,7,21,5,0,49,3,1,1,7,2,2,0.25,0.278,0.418,0.696,624641
Lenyn Sosa,23,80,Maj-AL,Chicago,22,70,68,4,9,3,0,1,3,1,0,16,0,1,0,0,0,0,0.132,0.145,0.221,0.366,672820
Juan Soto,24,0,Maj-NL,San Diego,106,464,362,59,97,25,0,20,64,97,8,93,1,0,4,8,6,3,0.268,0.42,0.503,0.923,665742
Livan Soto,23,57,Maj-AL,Los Angeles,4,12,9,2,2,0,0,0,0,3,0,2,0,0,0,0,0,0,0.222,0.417,0.222,0.639,670869
George Springer,33,0,Maj-AL,Toronto,102,448,406,56,101,14,1,13,41,36,0,78,5,0,1,16,13,4,0.249,0.317,0.384,0.701,543807
Jacob Stallings,33,1,Maj-NL,Miami,52,169,146,13,30,7,0,1,12,16,0,44,3,2,2,3,0,0,0.206,0.293,0.274,0.567,607732
Giancarlo Stanton,33,0,Maj-AL,New York,55,226,203,26,41,7,0,14,35,20,3,54,2,0,1,5,0,0,0.202,0.279,0.443,0.722,519317
Spencer Steer,25,0,Maj-NL,Cincinnati,102,432,378,50,103,20,2,15,58,44,0,86,7,0,3,6,9,2,0.273,0.357,0.455,0.812,668715
Michael Stefanic,27,0,Maj-AL,Los Angeles,11,25,21,3,4,1,0,0,3,4,0,2,0,0,0,0,0,0,0.191,0.32,0.238,0.558,683021
Tyler Stephenson,26,0,Maj-NL,Cincinnati,98,380,337,45,84,14,1,7,37,38,1,101,4,0,1,10,0,1,0.249,0.332,0.359,0.691,663886
Cal Stevenson,26,83,Maj-NL,San Francisco,6,12,9,1,0,0,0,0,0,3,0,2,0,0,0,0,0,0,0.0,0.25,0.0,0.25,670276
DJ Stewart,29,1,Maj-NL,New York,12,25,20,2,4,1,0,1,2,3,0,7,1,0,1,0,1,0,0.2,0.32,0.4,0.72,621466
Bryson Stott,25,1,Maj-NL,Philadelphia,98,418,386,51,118,20,2,9,37,24,1,67,3,0,5,8,19,2,0.306,0.347,0.438,0.785,681082
Kyle Stowers,25,77,Maj-AL,Baltimore,14,33,30,1,2,0,0,0,0,3,0,12,0,0,0,1,0,0,0.067,0.152,0.067,0.218,669065
Myles Straw,28,0,Maj-AL,Cleveland,103,380,341,40,80,15,3,0,19,33,0,78,1,3,2,9,12,3,0.235,0.302,0.296,0.599,664702
Garrett Stubbs,30,0,Maj-NL,Philadelphia,24,67,59,8,12,1,1,0,4,5,0,17,2,1,0,0,0,0,0.203,0.288,0.254,0.542,596117
Eugenio Su\xc3\xa1rez,31,0,Maj-AL,Seattle,105,448,381,42,86,17,0,14,64,46,0,129,12,0,9,6,1,1,0.226,0.321,0.381,0.702,553993
Brett Sullivan,29,63,Maj-NL,San Diego,21,49,47,4,8,3,0,1,5,1,0,13,0,0,1,0,0,0,0.17,0.184,0.298,0.482,664954
Jack Suwinski,24,1,Maj-NL,Pittsburgh,91,336,280,42,64,14,0,21,52,47,0,110,5,0,4,1,7,1,0.229,0.345,0.504,0.849,669261
Seiya Suzuki,28,0,Maj-NL,Chicago,87,371,325,39,82,16,2,8,34,40,1,92,2,0,4,6,5,6,0.252,0.334,0.388,0.722,673548
Dansby Swanson,29,0,Maj-NL,Chicago,91,401,354,47,93,16,2,12,44,43,0,96,3,0,1,6,4,1,0.263,0.347,0.421,0.768,621020
Raimel Tapia,29,9,"Maj-AL,Maj-NL","Boston,Milwaukee",58,158,139,24,32,4,1,3,13,15,0,39,1,1,1,2,8,2,0.23,0.308,0.338,0.646,606132
Fernando Tatis Jr.,24,0,Maj-NL,San Diego,86,395,360,59,99,23,1,18,53,29,0,77,3,1,2,10,17,3,0.275,0.333,0.494,0.827,665487
Mike Tauchman,32,0,Maj-NL,Chicago,56,218,186,35,50,10,0,5,34,27,0,45,2,1,2,0,3,1,0.269,0.364,0.403,0.767,643565
Leody Taveras,24,0,Maj-AL,Texas,91,356,331,48,92,18,2,11,49,21,0,74,1,1,2,2,11,3,0.278,0.321,0.444,0.765,665750
Chris Taylor,32,0,Maj-NL,Los Angeles,72,227,206,32,44,9,1,12,33,18,1,76,2,0,1,2,7,0,0.214,0.282,0.442,0.724,621035
Michael A. Taylor,32,0,Maj-AL,Minnesota,96,271,251,32,55,13,0,12,30,14,0,94,3,2,1,6,11,1,0.219,0.268,0.414,0.682,572191
Samad Taylor,24,0,Maj-AL,Kansas City,15,41,33,3,5,0,0,0,3,6,0,11,0,1,1,1,3,0,0.152,0.275,0.152,0.427,669392
Tyrone Taylor,29,1,Maj-NL,Milwaukee,36,96,93,7,15,3,0,2,7,2,0,24,0,0,1,5,6,0,0.161,0.177,0.258,0.435,621438
Rowdy Tellez,28,26,Maj-NL,Milwaukee,79,288,258,23,55,7,1,12,36,27,2,69,0,0,3,9,0,0,0.213,0.285,0.388,0.672,642133
Matt Thaiss,28,0,Maj-AL,Los Angeles,76,249,209,27,49,6,0,6,26,32,1,66,6,0,2,4,2,0,0.234,0.349,0.349,0.699,642136
Alek Thomas,23,0,Maj-NL,Arizona,71,227,215,30,52,13,3,6,19,10,0,53,1,0,1,4,5,1,0.242,0.278,0.414,0.692,677950
Cody Thomas,28,1,Maj-AL,Oakland,13,33,30,1,8,2,0,1,2,3,0,11,0,0,0,1,0,0,0.267,0.333,0.433,0.767,642137
Lane Thomas,27,0,Maj-NL,Washington,104,451,417,69,119,26,2,16,55,25,0,116,6,0,3,4,12,2,0.285,0.333,0.472,0.805,657041
Bubba Thompson,25,0,Maj-AL,Texas,37,60,53,10,9,4,1,0,4,4,0,16,1,1,1,0,4,2,0.17,0.237,0.283,0.52,669352
Trayce Thompson,32,57,Maj-NL,Los Angeles,36,87,71,12,11,0,0,5,14,15,0,37,1,0,0,0,0,0,0.155,0.31,0.366,0.677,572204
Michael Toglia,24,0,Maj-NL,Colorado,21,65,59,10,12,2,0,2,6,5,0,19,1,0,0,2,0,1,0.203,0.277,0.339,0.616,669911
Spencer Torkelson,23,0,Maj-AL,Detroit,104,447,397,51,91,23,1,15,59,43,1,108,3,0,4,8,2,0,0.229,0.307,0.406,0.712,679529
Abraham Toro,26,0,Maj-NL,Milwaukee,8,20,18,4,8,0,0,2,9,1,0,5,1,0,0,0,0,0,0.444,0.5,0.778,1.278,647351
Luis Torrens,27,98,Maj-NL,Chicago,12,22,20,1,5,1,0,0,3,1,0,8,1,0,0,0,0,0,0.25,0.318,0.3,0.618,620443
Gleyber Torres,26,0,Maj-AL,New York,104,438,392,57,101,14,2,16,44,39,0,61,1,0,6,10,8,5,0.258,0.322,0.426,0.748,650402
Ezequiel Tovar,21,0,Maj-NL,Colorado,98,380,363,47,94,23,3,10,47,13,0,104,3,0,1,4,5,3,0.259,0.29,0.422,0.711,678662
Taylor Trammell,25,6,Maj-AL,Seattle,22,56,46,7,6,0,0,3,11,9,0,22,1,0,0,2,0,1,0.13,0.286,0.326,0.612,666211
Alan Trejo,27,0,Maj-NL,Colorado,53,150,141,15,35,10,0,1,17,7,0,37,0,1,1,3,4,0,0.248,0.282,0.34,0.622,676701
Jose Trevino,30,13,Maj-AL,New York,55,168,157,15,33,4,0,4,15,8,0,22,2,1,0,6,0,0,0.21,0.258,0.312,0.57,624431
Jared Triolo,25,0,Maj-NL,Pittsburgh,26,104,94,12,25,2,0,0,9,8,0,32,1,0,1,0,0,1,0.266,0.327,0.287,0.614,669707
Chadwick Tromp,28,84,Maj-NL,Atlanta,6,16,16,1,2,1,0,0,1,0,0,7,0,0,0,0,0,0,0.125,0.125,0.188,0.313,644433
Mike Trout,31,27,Maj-AL,Los Angeles,81,358,304,54,80,14,1,18,44,45,2,103,7,0,2,3,2,0,0.263,0.369,0.493,0.862,545361
Kyle Tucker,26,0,Maj-AL,Houston,104,441,378,58,113,26,0,18,70,51,5,57,2,0,6,9,19,3,0.299,0.38,0.511,0.891,663656
Brice Turang,23,0,Maj-NL,Milwaukee,83,270,245,22,51,8,3,4,20,24,1,64,0,0,1,5,11,4,0.208,0.278,0.314,0.592,668930
Justin Turner,38,0,Maj-AL,Boston,101,436,387,66,111,25,0,17,70,38,0,69,6,0,5,8,4,0,0.287,0.356,0.483,0.839,457759
Trea Turner,30,0,Maj-NL,Philadelphia,103,462,430,57,104,21,4,10,34,30,2,111,2,0,0,5,21,0,0.242,0.294,0.379,0.674,607208
Luis Ur\xc3\xadas,26,32,Maj-NL,Milwaukee,20,68,55,5,8,2,0,1,5,7,0,15,5,0,0,1,0,0,0.146,0.299,0.236,0.535,649966
Ram\xc3\xb3n Ur\xc3\xadas,29,0,Maj-AL,Baltimore,75,270,245,30,62,19,0,4,34,18,0,69,6,0,1,8,3,1,0.253,0.319,0.38,0.698,602104
Gio Urshela,31,45,Maj-AL,Los Angeles,62,228,214,22,64,8,1,2,24,10,0,36,1,0,3,9,3,2,0.299,0.329,0.374,0.703,570482
Enmanuel Valdez,24,53,Maj-AL,Boston,33,101,94,9,22,4,0,4,11,5,0,27,1,0,0,2,4,1,0.234,0.28,0.404,0.684,665839
Ildemaro Vargas,31,0,Maj-NL,Washington,40,116,109,16,29,6,1,2,15,6,0,7,0,1,0,7,0,1,0.266,0.304,0.395,0.699,545121
Miguel Vargas,23,22,Maj-NL,Los Angeles,81,304,256,36,50,15,4,7,32,38,1,61,4,1,4,1,3,2,0.195,0.305,0.367,0.672,678246
Daulton Varsho,26,0,Maj-AL,Toronto,104,396,360,41,77,16,0,12,34,29,0,96,3,1,3,3,12,4,0.214,0.276,0.358,0.634,662139
Andrew Vaughn,25,0,Maj-AL,Chicago,98,409,368,44,91,23,2,13,58,29,0,80,10,0,2,11,0,0,0.247,0.318,0.427,0.744,683734
Terrin Vavra,26,60,Maj-AL,Baltimore,27,56,49,9,12,0,0,0,5,5,0,12,0,2,0,5,1,0,0.245,0.315,0.245,0.56,679631
Christian V\xc3\xa1zquez,32,0,Maj-AL,Minnesota,69,237,214,22,48,9,0,3,24,20,1,53,1,1,1,8,0,0,0.224,0.292,0.308,0.601,543877
Andrew Velazquez,28,0,Maj-AL,Los Angeles,32,69,59,9,12,2,0,1,1,8,0,20,0,2,0,1,9,2,0.203,0.299,0.288,0.587,623205
Nelson Vel\xc3\xa1zquez,24,84,Maj-NL,Chicago,13,32,29,8,7,2,0,3,6,3,0,8,0,0,0,1,0,0,0.241,0.313,0.621,0.933,676369
Alex Verdugo,27,0,Maj-AL,Boston,94,412,368,57,100,27,4,7,39,36,1,59,6,0,2,6,4,2,0.272,0.345,0.424,0.769,657077
Mark Vientos,23,1,Maj-NL,New York,23,72,66,4,15,2,0,2,8,4,0,21,1,0,1,2,0,0,0.227,0.278,0.349,0.626,668901
Matt Vierling,26,0,Maj-AL,Detroit,83,317,290,33,79,10,2,7,26,25,0,57,2,0,0,6,5,5,0.272,0.334,0.393,0.728,663837
David Villar,26,6,Maj-NL,San Francisco,46,140,124,15,18,6,0,5,12,11,0,45,4,0,1,1,1,1,0.145,0.236,0.315,0.55,681584
Meibrys Viloria,26,91,Maj-AL,Cleveland,10,4,3,0,0,0,0,0,0,1,0,0,0,0,0,1,0,0,0.0,0.25,0.0,0.25,650619
Daniel Vogelbach,30,0,Maj-NL,New York,74,225,195,23,44,7,0,7,30,30,1,55,0,0,0,5,0,0,0.226,0.329,0.369,0.698,596129
Luke Voit,32,78,Maj-NL,Milwaukee,22,74,68,5,15,3,0,0,4,4,0,27,2,0,0,3,2,0,0.221,0.284,0.265,0.549,572228
Anthony Volpe,22,0,Maj-AL,New York,105,390,350,44,73,13,3,13,36,36,0,111,2,1,1,9,19,2,0.209,0.285,0.374,0.66,683011
Jason Vosler,29,98,Maj-NL,Cincinnati,20,65,62,6,10,2,1,3,10,3,0,25,0,0,0,0,0,0,0.161,0.2,0.371,0.571,613564
Joey Votto,39,0,Maj-NL,Cincinnati,32,126,108,12,21,4,0,9,25,14,0,35,4,0,0,0,0,0,0.194,0.31,0.482,0.791,458015
LaMonte Wade Jr.,29,0,Maj-NL,San Francisco,91,353,284,44,76,13,1,9,28,60,2,70,4,3,2,3,2,0,0.268,0.4,0.416,0.816,664774
Tyler Wade,28,21,Maj-AL,Oakland,26,55,51,8,13,1,1,0,2,4,0,13,0,0,0,0,4,0,0.255,0.309,0.314,0.623,642180
Christian Walker,32,0,Maj-NL,Arizona,102,437,384,56,101,32,0,22,68,43,2,82,4,0,5,9,7,0,0.263,0.339,0.518,0.858,572233
Jordan Walker,21,0,Maj-NL,St. Louis,66,257,235,26,63,10,0,9,28,17,0,58,5,0,0,6,5,4,0.268,0.331,0.426,0.756,691023
Forrest Wall,27,4,Maj-NL,Atlanta,2,0,0,0,0,0,0,0,0,0,0,0,0,0,0,0,2,1,,,,,657088
Chad Wallach,31,0,Maj-AL,Los Angeles,47,126,112,14,22,2,0,6,12,12,0,44,0,2,0,4,0,1,0.196,0.274,0.375,0.649,595453
Matt Wallner,25,0,Maj-AL,Minnesota,24,74,62,11,16,2,0,5,9,7,0,21,5,0,0,0,1,1,0.258,0.378,0.532,0.911,670242
Taylor Walls,26,10,Maj-AL,Tampa Bay,79,279,242,42,51,11,2,7,27,36,0,71,1,0,0,1,20,1,0.211,0.315,0.36,0.675,670764
Jared Walsh,29,37,Maj-AL,Los Angeles,28,78,67,5,8,4,0,1,5,11,0,26,0,0,0,1,0,0,0.119,0.244,0.224,0.468,665120
Taylor Ward,29,1,Maj-AL,Los Angeles,97,409,356,60,90,18,0,14,47,39,0,80,8,0,6,9,4,2,0.253,0.335,0.421,0.756,621493
Drew Waters,24,0,Maj-AL,Kansas City,52,180,165,22,39,4,3,4,16,10,0,65,4,0,1,3,5,3,0.236,0.294,0.37,0.664,671221
Joey Wendle,33,0,Maj-NL,Miami,70,217,200,25,50,13,2,1,12,10,0,48,2,3,2,4,4,0,0.25,0.29,0.35,0.64,621563
Jordan Westburg,24,0,Maj-AL,Baltimore,24,81,75,11,19,5,2,1,8,5,0,21,1,0,0,1,2,1,0.253,0.309,0.413,0.722,676059
Eli White,29,99,Maj-NL,Atlanta,6,17,14,1,1,0,0,0,0,2,0,7,1,0,0,0,0,0,0.071,0.235,0.071,0.307,642201
Joey Wiemer,24,1,Maj-NL,Milwaukee,101,339,302,40,63,16,0,12,36,31,0,92,4,0,2,4,11,3,0.209,0.289,0.381,0.67,686894
Alika Williams,24,0,Maj-NL,Pittsburgh,5,10,9,0,1,0,0,0,1,1,0,3,0,0,0,0,0,0,0.111,0.2,0.111,0.311,675961
Luke Williams,26,100,Maj-NL,Los Angeles,4,10,10,0,1,0,0,0,0,0,0,3,0,0,0,0,1,0,0.1,0.1,0.1,0.2,663897
Jesse Winker,29,6,Maj-NL,Milwaukee,60,197,166,16,33,5,0,1,23,26,0,51,4,0,1,0,0,0,0.199,0.32,0.247,0.567,608385
Patrick Wisdom,31,2,Maj-NL,Chicago,71,247,215,36,42,7,1,18,36,28,0,92,2,1,1,4,4,1,0.195,0.293,0.488,0.781,621550
Brett Wisely,24,2,Maj-NL,San Francisco,51,131,120,10,21,5,0,2,8,9,0,40,0,1,1,2,2,1,0.175,0.231,0.267,0.498,689172
Bobby Witt,23,0,Maj-AL,Kansas City,105,456,426,55,112,18,7,18,60,22,0,91,3,1,4,5,29,8,0.263,0.301,0.465,0.766,677951
Connor Wong,27,0,Maj-AL,Boston,82,266,244,38,61,19,0,6,23,16,0,90,4,1,1,2,4,2,0.25,0.306,0.402,0.707,657136
Kolten Wong,32,0,Maj-AL,Seattle,67,216,194,21,32,6,0,2,19,16,0,46,4,0,2,0,1,1,0.165,0.241,0.227,0.468,543939
Austin Wynns,32,0,Maj-NL,"Colorado,Los Angeles,San Francisco",29,75,67,6,14,3,0,1,7,5,0,25,1,1,1,3,1,0,0.209,0.27,0.299,0.569,642851
Mike Yastrzemski,32,0,Maj-NL,San Francisco,77,285,253,43,59,17,1,11,32,29,3,74,1,2,0,2,1,2,0.233,0.315,0.439,0.753,573262
Christian Yelich,31,0,Maj-NL,Milwaukee,102,441,388,75,111,24,1,16,59,50,3,89,3,0,0,9,22,2,0.286,0.372,0.477,0.849,592885
Juan Yepez,25,56,Maj-NL,St. Louis,20,46,42,5,9,1,0,2,2,3,0,13,1,0,0,0,0,1,0.214,0.283,0.381,0.664,660766
Masataka Yoshida,29,0,Maj-AL,Boston,92,394,357,54,110,22,3,12,53,29,0,47,7,0,1,12,8,0,0.308,0.371,0.487,0.858,807799
Jared Young,27,12,Maj-NL,Chicago,13,39,35,7,6,0,2,1,5,3,0,11,1,0,0,1,2,0,0.171,0.256,0.371,0.628,676724
Seby Zavala,29,0,Maj-AL,Chicago,64,171,156,14,24,3,0,6,15,10,0,64,1,2,2,4,1,0,0.154,0.207,0.289,0.496,664874
Mike Zunino,32,46,Maj-AL,Cleveland,42,140,124,11,22,7,0,3,11,15,0,61,1,0,0,3,0,0,0.177,0.271,0.307,0.578,572287
