last_name,first_name,player_id,year,pa,bip,ba,est_ba,est_ba_minus_ba_diff,slg,est_slg,est_slg_minus_slg_diff,woba,est_woba,est_woba_minus_woba_diff,era,xera,era_minus_xera_diff
Alcantara, Sandy,645261,2023,564,409,0.254,0.267,-0.013,0.388,0.408,-0.0199999999999999,0.303,0.321,-0.018,4.46,4.31,0.146
Keller, Mitch,656605,2023,564,372,0.238,0.238,0.0,0.392,0.384,0.008,0.302,0.304,-0.002,3.97,3.83,0.143
Webb, Logan,657277,2023,563,395,0.248,0.242,0.006,0.394,0.4,-0.006,0.294,0.296,-0.002,3.49,3.62,-0.126
Nola, Aaron,605400,2023,562,389,0.231,0.238,-0.0069999999999999,0.423,0.412,0.011,0.3,0.302,-0.002,4.43,3.78,0.655
Corbin, Patrick,571578,2023,561,435,0.304,0.315,-0.011,0.471,0.517,-0.046,0.354,0.379,-0.025,5.07,6.33,-1.259
Mikolas, Miles,571945,2023,546,426,0.278,0.287,-0.0089999999999999,0.414,0.464,-0.05,0.317,0.342,-0.025,4.38,4.97,-0.588
Gallen, Zac,668678,2023,546,374,0.231,0.247,-0.0159999999999999,0.373,0.412,-0.0389999999999999,0.279,0.305,-0.0259999999999999,3.36,3.86,-0.501
Cole, Gerrit,543037,2023,546,354,0.214,0.231,-0.017,0.336,0.377,-0.0409999999999999,0.27,0.294,-0.0239999999999999,2.64,3.57,-0.929
Gibson, Kyle,502043,2023,539,391,0.264,0.264,0.0,0.401,0.425,-0.0239999999999999,0.315,0.33,-0.015,4.68,4.59,0.087
Berríos, José,621244,2023,538,367,0.239,0.256,-0.017,0.377,0.43,-0.0529999999999999,0.299,0.328,-0.029,3.31,4.53,-1.215
Bassitt, Chris,605135,2023,536,366,0.237,0.25,-0.013,0.406,0.42,-0.0139999999999999,0.312,0.326,-0.014,3.91,4.46,-0.552
Lynn, Lance,458681,2023,535,339,0.27,0.25,0.02,0.497,0.457,0.0399999999999999,0.358,0.338,0.0199999999999999,6.47,4.84,1.628
López, Pablo,641154,2023,530,327,0.23,0.216,0.014,0.389,0.362,0.027,0.294,0.282,0.012,4.13,3.27,0.857
Hill, Rich,448179,2023,530,373,0.272,0.281,-0.009,0.458,0.479,-0.0209999999999999,0.346,0.36,-0.014,4.76,5.6,-0.835
Giolito, Lucas,608337,2023,530,345,0.234,0.243,-0.0089999999999999,0.437,0.44,-0.003,0.319,0.327,-0.008,3.85,4.49,-0.643
Castillo, Luis,622491,2023,526,340,0.206,0.226,-0.02,0.377,0.41,-0.0329999999999999,0.276,0.3,-0.0239999999999999,2.88,3.72,-0.842
Stroman, Marcus,573186,2023,520,360,0.22,0.254,-0.034,0.316,0.365,-0.0489999999999999,0.276,0.309,-0.0329999999999999,3.51,3.97,-0.461
Wheeler, Zack,554430,2023,519,343,0.238,0.232,0.0059999999999999,0.366,0.342,0.0239999999999999,0.282,0.278,0.0039999999999999,3.74,3.17,0.574
Cease, Dylan,656302,2023,519,321,0.241,0.242,-0.001,0.393,0.384,0.009,0.312,0.313,-0.001,4.15,4.08,0.068
Gausman, Kevin,592332,2023,518,312,0.232,0.232,0.0,0.379,0.406,-0.027,0.288,0.3,-0.012,3.1,3.72,-0.618
Oviedo, Johan,670912,2023,516,352,0.241,0.25,-0.009,0.404,0.415,-0.0109999999999999,0.317,0.33,-0.013,4.6,4.59,0.012
Valdez, Framber,664285,2023,516,343,0.238,0.249,-0.011,0.362,0.397,-0.035,0.287,0.313,-0.026,3.29,4.08,-0.794
Burnes, Corbin,669203,2023,515,334,0.195,0.219,-0.0239999999999999,0.312,0.335,-0.023,0.262,0.283,-0.0209999999999999,3.46,3.29,0.173
Luzardo, Jesús,666200,2023,514,327,0.239,0.228,0.0109999999999999,0.4,0.393,0.007,0.303,0.298,0.005,3.38,3.67,-0.286
Gray, Josiah,680686,2023,513,350,0.252,0.246,0.006,0.403,0.404,-0.001,0.326,0.327,-0.001,3.27,4.49,-1.22
Kremer, Dean,665152,2023,510,359,0.267,0.278,-0.011,0.458,0.494,-0.0359999999999999,0.337,0.357,-0.0199999999999999,4.66,5.49,-0.827
Montgomery, Jordan,656756,2023,509,362,0.25,0.256,-0.006,0.414,0.42,-0.006,0.311,0.32,-0.009,3.42,4.28,-0.859
Gilbert, Logan,669302,2023,503,359,0.234,0.244,-0.0099999999999999,0.39,0.405,-0.015,0.283,0.296,-0.013,3.83,3.62,0.206
Singer, Brady,663903,2023,503,358,0.284,0.278,0.0059999999999999,0.466,0.448,0.018,0.348,0.345,0.003,5.46,5.07,0.393
Strider, Spencer,675911,2023,502,261,0.213,0.203,0.0099999999999999,0.378,0.355,0.023,0.287,0.275,0.0119999999999999,3.73,3.1,0.632
Snell, Blake,605483,2023,501,274,0.198,0.212,-0.0139999999999999,0.312,0.351,-0.0389999999999999,0.284,0.305,-0.021,2.5,3.86,-1.364
Ryan, Joe,657746,2023,500,324,0.233,0.216,0.017,0.411,0.369,0.0419999999999999,0.294,0.274,0.0199999999999999,4.06,3.08,0.977
Elder, Bryce,693821,2023,499,367,0.239,0.253,-0.014,0.372,0.386,-0.014,0.297,0.311,-0.014,3.18,4.02,-0.839
Kirby, George,669923,2023,495,368,0.254,0.261,-0.007,0.409,0.426,-0.017,0.294,0.306,-0.012,3.49,3.89,-0.397
Morton, Charlie,450203,2023,494,316,0.255,0.256,-0.001,0.387,0.412,-0.0249999999999999,0.321,0.333,-0.012,3.57,4.68,-1.106
Gray, Sonny,543243,2023,493,332,0.236,0.251,-0.015,0.327,0.378,-0.0509999999999999,0.284,0.311,-0.027,3.22,4.02,-0.798
Bieber, Shane,669456,2023,489,356,0.253,0.284,-0.0309999999999999,0.409,0.447,-0.038,0.31,0.34,-0.03,3.77,4.91,-1.141
Ohtani, Shohei,660271,2023,488,270,0.185,0.206,-0.0209999999999999,0.345,0.375,-0.03,0.284,0.304,-0.02,3.43,3.83,-0.399
Flaherty, Jack,656427,2023,485,316,0.278,0.257,0.021,0.427,0.389,0.0379999999999999,0.349,0.333,0.0159999999999999,4.43,4.68,-0.248
Williams, Trevor,592866,2023,482,364,0.287,0.276,0.0109999999999999,0.505,0.475,0.03,0.36,0.349,0.011,4.72,5.21,-0.489
Nelson, Ryne,669194,2023,481,372,0.285,0.267,0.0179999999999999,0.505,0.469,0.036,0.355,0.344,0.011,4.97,5.04,-0.073
Lyles, Jordan,543475,2023,479,362,0.253,0.262,-0.009,0.476,0.482,-0.006,0.334,0.344,-0.0099999999999999,6.15,5.04,1.111
Eovaldi, Nathan,543135,2023,479,330,0.208,0.228,-0.02,0.34,0.37,-0.0299999999999999,0.268,0.291,-0.0229999999999999,2.69,3.49,-0.797
Pérez, Martín,527048,2023,478,367,0.288,0.291,-0.003,0.46,0.481,-0.0209999999999999,0.35,0.36,-0.01,4.99,5.6,-0.615
Sears, JP,676664,2023,475,332,0.223,0.24,-0.0169999999999999,0.437,0.464,-0.027,0.309,0.33,-0.021,4.09,4.59,-0.501
Freeland, Kyle,607536,2023,468,367,0.291,0.283,0.008,0.479,0.483,-0.004,0.352,0.354,-0.002,4.79,5.38,-0.586
Smyly, Drew,592767,2023,468,330,0.26,0.251,0.009,0.467,0.406,0.061,0.337,0.316,0.021,4.5,4.17,0.33
Walker, Taijuan,592836,2023,468,322,0.235,0.242,-0.007,0.393,0.392,0.001,0.31,0.315,-0.005,4.06,4.14,-0.078
Brown, Hunter,686613,2023,467,297,0.256,0.24,0.016,0.405,0.381,0.024,0.321,0.309,0.012,4.12,3.97,0.153
Gomber, Austin,596295,2023,467,363,0.292,0.291,0.001,0.517,0.511,0.006,0.366,0.364,0.002,5.83,5.75,0.083
Ashcraft, Graham,668933,2023,464,336,0.281,0.28,0.001,0.452,0.428,0.024,0.354,0.35,0.004,5.31,5.24,0.074
Peralta, Freddy,642547,2023,463,282,0.226,0.226,0.0,0.423,0.387,0.0359999999999999,0.318,0.307,0.011,4.46,3.91,0.549
Eflin, Zach,621107,2023,460,325,0.233,0.227,0.006,0.373,0.377,-0.004,0.274,0.276,-0.002,3.64,3.12,0.516
Kikuchi, Yusei,579328,2023,459,306,0.255,0.242,0.013,0.452,0.449,0.003,0.331,0.325,0.006,3.79,4.43,-0.643
Gore, MacKenzie,669022,2023,458,286,0.264,0.264,0.0,0.437,0.455,-0.018,0.337,0.347,-0.0099999999999999,4.42,5.14,-0.725
Cobb, Alex,502171,2023,454,322,0.274,0.269,0.005,0.393,0.418,-0.0249999999999999,0.315,0.323,-0.008,2.97,4.37,-1.398
Wells, Tyler,669330,2023,454,306,0.2,0.224,-0.0239999999999999,0.427,0.453,-0.026,0.296,0.318,-0.022,3.8,4.23,-0.429
Schmidt, Clarke,657376,2023,453,318,0.265,0.25,0.015,0.461,0.423,0.038,0.335,0.32,0.015,4.38,4.28,0.105
McClanahan, Shane,663556,2023,452,293,0.219,0.235,-0.0159999999999999,0.375,0.393,-0.018,0.292,0.307,-0.015,3.0,3.91,-0.91
Kopech, Michael,656629,2023,451,270,0.224,0.233,-0.009,0.461,0.463,-0.002,0.35,0.361,-0.011,4.49,5.63,-1.145
Darvish, Yu,506433,2023,450,291,0.248,0.232,0.0159999999999999,0.424,0.367,0.0569999999999999,0.32,0.299,0.021,4.53,3.7,0.828
Javier, Cristian,664299,2023,449,305,0.233,0.235,-0.0019999999999999,0.417,0.454,-0.037,0.311,0.327,-0.016,4.33,4.49,-0.157
Steele, Justin,657006,2023,448,318,0.24,0.238,0.002,0.351,0.353,-0.002,0.282,0.286,-0.004,2.87,3.36,-0.488
Anderson, Tyler,542881,2023,447,322,0.282,0.269,0.0129999999999999,0.455,0.422,0.033,0.348,0.338,0.0099999999999999,4.98,4.84,0.143
Senga, Kodai,673540,2023,446,258,0.2,0.214,-0.0139999999999999,0.325,0.334,-0.009,0.283,0.294,-0.011,3.17,3.57,-0.399
Scherzer, Max,453286,2023,444,290,0.24,0.216,0.0239999999999999,0.445,0.409,0.036,0.318,0.298,0.02,4.01,3.67,0.342
Gray, Jon,592351,2023,444,312,0.245,0.264,-0.019,0.38,0.412,-0.0319999999999999,0.305,0.326,-0.021,3.65,4.46,-0.805
Garrett, Braxton,666129,2023,441,299,0.26,0.272,-0.012,0.443,0.452,-0.009,0.32,0.331,-0.011,4.08,4.62,-0.545
Heaney, Andrew,571760,2023,438,284,0.244,0.244,0.0,0.455,0.435,0.02,0.34,0.336,0.004,4.62,4.78,-0.162
Dunning, Dane,641540,2023,438,333,0.244,0.274,-0.03,0.37,0.439,-0.069,0.297,0.339,-0.042,3.28,4.87,-1.59
Detmers, Reid,672282,2023,434,261,0.238,0.247,-0.009,0.382,0.38,0.002,0.308,0.314,-0.006,4.35,4.11,0.242
Sandoval, Patrick,663776,2023,432,305,0.253,0.258,-0.005,0.354,0.385,-0.031,0.305,0.319,-0.014,4.13,4.25,-0.117
Kelly, Merrill,518876,2023,430,277,0.214,0.249,-0.035,0.358,0.398,-0.04,0.288,0.321,-0.033,3.23,4.31,-1.084
Greinke, Zack,425844,2023,426,342,0.285,0.29,-0.005,0.478,0.493,-0.015,0.336,0.35,-0.0139999999999999,5.49,5.24,0.249
Germán, Domingo,593334,2023,426,278,0.21,0.236,-0.0259999999999999,0.423,0.418,0.005,0.302,0.317,-0.015,4.78,4.2,0.575
Bradish, Kyle,680694,2023,424,297,0.236,0.254,-0.018,0.364,0.411,-0.0469999999999999,0.289,0.315,-0.026,3.29,4.14,-0.852
DeSclafani, Anthony,543101,2023,419,315,0.271,0.282,-0.0109999999999999,0.456,0.481,-0.0249999999999999,0.329,0.345,-0.0159999999999999,4.88,5.07,-0.194
Lorenzen, Michael,547179,2023,418,305,0.233,0.249,-0.0159999999999999,0.366,0.419,-0.0529999999999999,0.285,0.313,-0.028,3.58,4.08,-0.503
Bello, Brayan,678394,2023,404,291,0.245,0.242,0.003,0.418,0.414,0.004,0.31,0.313,-0.003,3.66,4.08,-0.424
Rea, Colin,607067,2023,403,288,0.238,0.244,-0.006,0.433,0.42,0.013,0.313,0.316,-0.003,4.76,4.17,0.595
Matz, Steven,571927,2023,402,282,0.27,0.253,0.017,0.415,0.379,0.0359999999999999,0.326,0.308,0.018,4.07,3.94,0.125
Musgrove, Joe,605397,2023,399,272,0.247,0.224,0.0229999999999999,0.375,0.345,0.03,0.295,0.276,0.0189999999999999,3.05,3.12,-0.069
Waldichuk, Ken,686610,2023,399,258,0.295,0.244,0.0509999999999999,0.521,0.431,0.09,0.388,0.344,0.044,6.38,5.04,1.338
Weaver, Luke,596133,2023,393,295,0.306,0.286,0.02,0.575,0.513,0.0619999999999999,0.394,0.366,0.028,6.8,5.82,0.982
Ober, Bailey,641927,2023,391,273,0.232,0.232,0.0,0.393,0.415,-0.0219999999999999,0.29,0.299,-0.009,3.19,3.7,-0.507
Verlander, Justin,434378,2023,386,273,0.219,0.223,-0.004,0.344,0.344,0.0,0.276,0.283,-0.0069999999999999,3.15,3.29,-0.142
Taillon, Jameson,592791,2023,383,275,0.269,0.269,0.0,0.453,0.473,-0.0199999999999999,0.336,0.346,-0.0099999999999999,5.46,5.11,0.351
Henry, Tommy,674072,2023,381,278,0.251,0.247,0.004,0.418,0.408,0.01,0.325,0.321,0.004,4.15,4.31,-0.164
Kershaw, Clayton,477132,2023,379,248,0.216,0.229,-0.013,0.355,0.386,-0.031,0.273,0.292,-0.0189999999999999,2.55,3.51,-0.961
Bibee, Tanner,676440,2023,373,247,0.226,0.224,0.002,0.345,0.357,-0.012,0.286,0.29,-0.004,3.11,3.46,-0.348
Manoah, Alek,666201,2023,369,239,0.271,0.272,-0.001,0.454,0.479,-0.0249999999999999,0.372,0.383,-0.011,5.87,6.49,-0.62
Canning, Griffin,656288,2023,357,237,0.245,0.236,0.009,0.436,0.415,0.021,0.32,0.312,0.008,4.46,4.05,0.415
Seabold, Connor,657756,2023,356,265,0.297,0.267,0.0299999999999999,0.549,0.477,0.072,0.381,0.348,0.033,6.95,5.17,1.783
Rodriguez, Eduardo,593958,2023,352,238,0.216,0.234,-0.018,0.333,0.376,-0.0429999999999999,0.262,0.29,-0.0279999999999999,2.96,3.46,-0.505
Wentz, Joey,666214,2023,349,245,0.285,0.274,0.0109999999999999,0.497,0.487,0.01,0.363,0.358,0.005,6.37,5.53,0.837
France, J.P.,641585,2023,348,265,0.248,0.258,-0.01,0.376,0.424,-0.0479999999999999,0.295,0.322,-0.027,2.87,4.34,-1.47
Allen, Logan,671106,2023,347,237,0.26,0.26,0.0,0.422,0.434,-0.012,0.325,0.33,-0.005,3.7,4.59,-0.893
Gonsolin, Tony,664062,2023,345,237,0.204,0.252,-0.048,0.351,0.441,-0.09,0.286,0.338,-0.052,4.25,4.84,-0.594
Wacha, Michael,608379,2023,343,243,0.212,0.245,-0.033,0.364,0.42,-0.0559999999999999,0.279,0.317,-0.0379999999999999,2.84,4.2,-1.363
Urías, Julio,628711,2023,341,239,0.255,0.248,0.007,0.477,0.438,0.0389999999999999,0.329,0.316,0.013,4.98,4.17,0.81
Pivetta, Nick,601713,2023,340,201,0.203,0.227,-0.0239999999999999,0.383,0.417,-0.0339999999999999,0.295,0.319,-0.024,4.11,4.25,-0.139
Suárez, Ranger,624133,2023,338,236,0.27,0.264,0.006,0.418,0.419,-0.001,0.325,0.327,-0.002,4.21,4.49,-0.275
Lugo, Seth,607625,2023,338,241,0.257,0.261,-0.004,0.417,0.443,-0.026,0.308,0.321,-0.013,3.62,4.31,-0.688
Medina, Luis,665622,2023,334,220,0.255,0.236,0.019,0.466,0.396,0.07,0.346,0.318,0.0279999999999999,5.35,4.23,1.122
Bradley, Taj,671737,2023,330,204,0.264,0.248,0.016,0.472,0.429,0.0429999999999999,0.338,0.323,0.015,5.67,4.37,1.295
Bielak, Brandon,656232,2023,328,232,0.272,0.267,0.005,0.462,0.458,0.004,0.355,0.353,0.002,3.74,5.35,-1.613
Irvin, Jake,663623,2023,327,229,0.26,0.25,0.01,0.432,0.454,-0.022,0.337,0.345,-0.0079999999999999,4.96,5.07,-0.106
Megill, Tylor,656731,2023,327,225,0.284,0.284,0.0,0.426,0.476,-0.0499999999999999,0.355,0.373,-0.018,5.17,6.09,-0.917
Carrasco, Carlos,471911,2023,323,234,0.295,0.289,0.006,0.495,0.493,0.002,0.376,0.375,0.001,6.4,6.17,0.228
Cabrera, Edward,665795,2023,321,182,0.218,0.204,0.014,0.384,0.354,0.03,0.321,0.308,0.013,4.74,3.94,0.803
Greene, Hunter,668881,2023,318,183,0.241,0.211,0.03,0.426,0.378,0.0479999999999999,0.326,0.299,0.027,3.93,3.7,0.227
Hendricks, Kyle,543294,2023,314,251,0.237,0.264,-0.027,0.369,0.414,-0.0449999999999999,0.278,0.311,-0.0329999999999999,3.49,4.02,-0.529
Martinez, Nick,607259,2023,313,217,0.247,0.264,-0.017,0.367,0.431,-0.064,0.3,0.332,-0.032,3.98,4.65,-0.672
Manaea, Sean,640455,2023,310,191,0.25,0.254,-0.004,0.423,0.43,-0.007,0.327,0.334,-0.007,5.48,4.71,0.766
Crawford, Kutter,676710,2023,310,214,0.228,0.219,0.009,0.405,0.404,0.001,0.295,0.292,0.003,3.86,3.51,0.347
Quantrill, Cal,615698,2023,307,242,0.301,0.299,0.002,0.453,0.493,-0.0399999999999999,0.351,0.372,-0.021,6.45,6.05,0.398
Civale, Aaron,650644,2023,306,223,0.207,0.248,-0.041,0.311,0.369,-0.0579999999999999,0.258,0.298,-0.0399999999999999,2.34,3.67,-1.332
Boyd, Matthew,571510,2023,303,203,0.25,0.244,0.006,0.424,0.412,0.012,0.323,0.316,0.007,5.45,4.17,1.281
Contreras, Roansy,672710,2023,302,214,0.282,0.276,0.0059999999999999,0.466,0.447,0.019,0.357,0.353,0.004,6.58,5.35,1.235
Wainwright, Adam,425794,2023,300,241,0.349,0.334,0.0149999999999999,0.577,0.569,0.008,0.416,0.408,0.008,7.18,7.59,-0.409
Houser, Adrian,605288,2023,298,222,0.3,0.271,0.0289999999999999,0.436,0.417,0.019,0.345,0.328,0.0169999999999999,4.43,4.53,-0.097
Miller, Bryce,682243,2023,297,209,0.214,0.249,-0.035,0.393,0.46,-0.067,0.281,0.323,-0.0419999999999999,3.96,4.37,-0.41
Clevinger, Mike,605182,2023,290,204,0.236,0.25,-0.014,0.411,0.424,-0.013,0.316,0.333,-0.017,3.59,4.68,-1.089
Houck, Tanner,656557,2023,285,196,0.243,0.242,0.001,0.388,0.387,0.001,0.303,0.307,-0.004,5.05,3.91,1.144
Paxton, James,572020,2023,282,180,0.212,0.214,-0.002,0.359,0.352,0.007,0.277,0.279,-0.002,3.34,3.19,0.153
Kaprielian, James,621076,2023,280,186,0.274,0.243,0.031,0.452,0.426,0.026,0.357,0.337,0.0199999999999999,6.34,4.81,1.534
Lively, Ben,594902,2023,280,199,0.245,0.26,-0.015,0.441,0.45,-0.009,0.317,0.329,-0.012,3.76,4.56,-0.799
Chirinos, Yonny,630023,2023,280,220,0.254,0.295,-0.0409999999999999,0.456,0.505,-0.0489999999999999,0.333,0.373,-0.0399999999999999,4.34,6.09,-1.748
Grove, Michael,675627,2023,280,196,0.313,0.28,0.0329999999999999,0.533,0.483,0.05,0.384,0.352,0.032,6.75,5.31,1.44
Peterson, David,656849,2023,279,183,0.306,0.269,0.0369999999999999,0.488,0.425,0.063,0.372,0.337,0.0349999999999999,5.92,4.81,1.11
Severino, Luis,622663,2023,278,201,0.329,0.3,0.029,0.586,0.518,0.0679999999999999,0.414,0.383,0.0309999999999999,7.49,6.49,1.001
Rodriguez, Grayson,680570,2023,276,179,0.286,0.285,0.001,0.508,0.472,0.036,0.369,0.359,0.01,6.21,5.56,0.649
Miley, Wade,489119,2023,275,208,0.233,0.271,-0.038,0.387,0.457,-0.07,0.296,0.339,-0.043,3.06,4.87,-1.811
Wood, Alex,622072,2023,271,183,0.259,0.253,0.006,0.44,0.439,0.001,0.352,0.351,0.001,4.75,5.28,-0.533
Williamson, Brandon,682227,2023,269,193,0.247,0.273,-0.026,0.452,0.484,-0.0319999999999999,0.335,0.363,-0.0279999999999999,4.48,5.71,-1.233
Anderson, Chase,502624,2023,268,198,0.293,0.268,0.0249999999999999,0.519,0.455,0.064,0.376,0.347,0.029,6.08,5.14,0.942
Stripling, Ross,548389,2023,264,203,0.288,0.283,0.005,0.492,0.48,0.012,0.348,0.348,0.0,5.52,5.17,0.346
Wesneski, Hayden,669713,2023,263,190,0.25,0.28,-0.03,0.479,0.513,-0.034,0.334,0.362,-0.0279999999999999,4.74,5.67,-0.931
Bird, Jake,656234,2023,262,182,0.27,0.259,0.011,0.378,0.381,-0.003,0.314,0.321,-0.007,4.09,4.31,-0.224
Davies, Zach,605200,2023,259,186,0.289,0.279,0.0099999999999999,0.456,0.442,0.014,0.353,0.348,0.005,7.38,5.17,2.208
Kluber, Corey,446372,2023,257,190,0.297,0.27,0.0269999999999999,0.603,0.538,0.0649999999999999,0.408,0.375,0.0329999999999999,7.04,6.17,0.866
Fujinami, Shintaro,660261,2023,256,157,0.257,0.234,0.0229999999999999,0.421,0.404,0.0169999999999999,0.346,0.334,0.0119999999999999,8.08,4.71,3.374
Strahm, Matt,621381,2023,255,157,0.213,0.212,0.001,0.404,0.384,0.02,0.287,0.288,-0.001,3.53,3.41,0.124
Teheran, Julio,527054,2023,254,195,0.254,0.26,-0.006,0.475,0.449,0.0259999999999999,0.328,0.328,0.0,4.74,4.53,0.209
Muller, Kyle,666205,2023,253,186,0.346,0.329,0.0169999999999999,0.544,0.573,-0.0289999999999999,0.41,0.421,-0.011,7.79,8.23,-0.442
Glasnow, Tyler,607192,2023,253,144,0.212,0.227,-0.015,0.381,0.431,-0.0499999999999999,0.286,0.313,-0.027,3.36,4.08,-0.723
Englert, Mason,669438,2023,253,193,0.291,0.304,-0.013,0.526,0.526,0.0,0.369,0.381,-0.012,5.46,6.41,-0.946
Barria, Jaime,642545,2023,252,183,0.234,0.264,-0.03,0.416,0.446,-0.03,0.303,0.329,-0.026,3.79,4.56,-0.765
Cortes, Nestor,641482,2023,252,171,0.253,0.224,0.0289999999999999,0.45,0.395,0.0549999999999999,0.331,0.303,0.028,5.16,3.8,1.357
Sale, Chris,519242,2023,249,157,0.243,0.213,0.03,0.434,0.378,0.0559999999999999,0.318,0.296,0.022,4.58,3.62,0.956
Miller, Bobby,676272,2023,248,169,0.241,0.233,0.0079999999999999,0.404,0.369,0.035,0.308,0.294,0.014,4.37,3.57,0.804
Ortiz, Luis L.,682847,2023,247,186,0.309,0.311,-0.002,0.507,0.594,-0.0869999999999999,0.381,0.413,-0.0319999999999999,4.86,7.83,-2.967
Junis, Jakob,596001,2023,247,159,0.296,0.255,0.0409999999999999,0.516,0.43,0.086,0.368,0.323,0.0449999999999999,4.79,4.37,0.423
Winckowski, Josh,670174,2023,247,179,0.275,0.246,0.029,0.415,0.391,0.0239999999999999,0.323,0.302,0.021,2.95,3.78,-0.832
Syndergaard, Noah,592789,2023,246,193,0.313,0.297,0.016,0.551,0.494,0.057,0.38,0.362,0.018,7.16,5.67,1.487
Blackburn, Paul,621112,2023,246,169,0.305,0.257,0.0479999999999999,0.468,0.393,0.075,0.354,0.312,0.0419999999999999,4.83,4.05,0.783
Harris, Hogan,663687,2023,243,167,0.249,0.243,0.006,0.418,0.435,-0.017,0.325,0.33,-0.005,6.07,4.59,1.481
Varland, Louie,686973,2023,241,170,0.27,0.261,0.009,0.527,0.492,0.035,0.358,0.346,0.012,5.3,5.11,0.194
Abbott, Andrew,671096,2023,237,152,0.184,0.212,-0.0279999999999999,0.332,0.379,-0.0469999999999999,0.255,0.286,-0.0309999999999999,1.9,3.36,-1.463
Curry, Xzavion,675540,2023,236,180,0.235,0.286,-0.0509999999999999,0.392,0.489,-0.0969999999999999,0.296,0.356,-0.06,2.98,5.45,-2.467
King, Michael,650633,2023,229,142,0.217,0.223,-0.006,0.35,0.342,0.0079999999999999,0.291,0.294,-0.003,3.17,3.57,-0.403
Lynch IV, Daniel,663738,2023,223,172,0.245,0.266,-0.021,0.426,0.464,-0.038,0.313,0.339,-0.026,4.64,4.87,-0.227
Richards, Trevor,670950,2023,222,116,0.204,0.177,0.0269999999999999,0.383,0.344,0.039,0.295,0.273,0.0219999999999999,3.04,3.05,-0.012
Maeda, Kenta,628317,2023,222,141,0.25,0.233,0.0169999999999999,0.422,0.402,0.0199999999999999,0.312,0.3,0.012,4.53,3.72,0.808
Stratton, Chris,608717,2023,221,144,0.231,0.233,-0.002,0.377,0.399,-0.022,0.29,0.306,-0.016,4.36,3.89,0.47
Rogers, Tyler,643511,2023,220,159,0.222,0.195,0.0269999999999999,0.333,0.264,0.069,0.266,0.23,0.036,2.52,2.17,0.346
Santos, Gregory,666619,2023,219,153,0.26,0.246,0.014,0.314,0.308,0.006,0.28,0.273,0.007,2.63,3.05,-0.42
Flexen, Chris,623167,2023,219,160,0.332,0.308,0.024,0.563,0.506,0.0569999999999999,0.414,0.389,0.0249999999999999,8.08,6.74,1.34
Brito, Jhony,666745,2023,219,161,0.249,0.26,-0.011,0.451,0.476,-0.0249999999999999,0.333,0.355,-0.0219999999999999,4.7,5.42,-0.717
Brazoban, Huascar,623211,2023,217,142,0.259,0.216,0.043,0.36,0.322,0.0379999999999999,0.307,0.281,0.0259999999999999,3.75,3.24,0.515
Whitlock, Garrett,676477,2023,216,160,0.298,0.277,0.0209999999999999,0.517,0.468,0.0489999999999999,0.356,0.331,0.0249999999999999,5.23,4.62,0.606
Gonzales, Marco,594835,2023,215,163,0.282,0.286,-0.004,0.431,0.441,-0.01,0.334,0.348,-0.0139999999999999,5.22,5.17,0.05
Baumann, Mike,657508,2023,215,132,0.209,0.237,-0.0279999999999999,0.324,0.4,-0.076,0.289,0.331,-0.042,3.48,4.62,-1.136
Pérez, Eury,691587,2023,215,136,0.208,0.211,-0.003,0.401,0.389,0.012,0.292,0.292,0.0,2.36,3.51,-1.148
Lawrence, Justin,664875,2023,215,135,0.183,0.194,-0.011,0.274,0.294,-0.0199999999999999,0.247,0.261,-0.014,2.89,2.79,0.097
McGough, Scott,543518,2023,213,129,0.206,0.24,-0.034,0.386,0.403,-0.017,0.286,0.314,-0.028,4.38,4.11,0.273
Gibaut, Ian,664139,2023,213,143,0.227,0.222,0.005,0.357,0.366,-0.009,0.292,0.298,-0.006,2.96,3.67,-0.709
Tonkin, Michael,543859,2023,211,153,0.211,0.238,-0.0269999999999999,0.33,0.377,-0.0469999999999999,0.257,0.29,-0.0329999999999999,3.19,3.46,-0.274
Hernández, Carlos,672578,2023,211,132,0.192,0.225,-0.033,0.311,0.363,-0.0519999999999999,0.248,0.284,-0.0359999999999999,3.57,3.31,0.256
Holton, Tyler,663947,2023,211,147,0.192,0.239,-0.0469999999999999,0.301,0.385,-0.084,0.244,0.297,-0.0529999999999999,1.99,3.64,-1.652
Beck, Tristan,663941,2023,211,155,0.226,0.233,-0.007,0.354,0.387,-0.033,0.278,0.294,-0.0159999999999999,2.94,3.57,-0.628
Yarbrough, Ryan,642232,2023,211,168,0.265,0.285,-0.0199999999999999,0.378,0.443,-0.065,0.304,0.337,-0.033,4.24,4.81,-0.575
Woo, Bryan,693433,2023,209,137,0.247,0.228,0.0189999999999999,0.442,0.362,0.08,0.325,0.292,0.033,4.96,3.51,1.449
Ruiz, José,614179,2023,207,141,0.292,0.266,0.0259999999999999,0.522,0.452,0.07,0.386,0.354,0.032,5.89,5.38,0.507
Fleming, Josh,676596,2023,207,164,0.276,0.284,-0.0079999999999999,0.47,0.463,0.0069999999999999,0.343,0.351,-0.0079999999999999,4.62,5.28,-0.657
Maton, Phil,664208,2023,207,127,0.206,0.197,0.0089999999999999,0.328,0.325,0.003,0.283,0.28,0.0029999999999999,3.24,3.22,0.02
Olson, Reese,681857,2023,205,148,0.237,0.255,-0.018,0.423,0.478,-0.0549999999999999,0.297,0.333,-0.036,4.71,4.68,0.031
Irvin, Cole,608344,2023,205,146,0.29,0.31,-0.02,0.454,0.568,-0.1139999999999999,0.351,0.405,-0.054,5.93,7.45,-1.518
Farmer, Buck,571656,2023,205,141,0.209,0.224,-0.015,0.407,0.425,-0.018,0.294,0.311,-0.017,3.71,4.02,-0.314
Wilson, Bryse,669060,2023,204,148,0.225,0.254,-0.0289999999999999,0.39,0.405,-0.015,0.288,0.307,-0.019,3.44,3.91,-0.467
Abreu, Bryan,650556,2023,203,105,0.199,0.194,0.005,0.341,0.335,0.006,0.28,0.278,0.002,2.55,3.17,-0.616
Merryweather, Julian,657240,2023,202,119,0.246,0.212,0.034,0.335,0.33,0.005,0.298,0.288,0.01,3.72,3.41,0.307
Clarke, Taylor,664199,2023,201,130,0.307,0.242,0.065,0.494,0.425,0.069,0.374,0.329,0.0449999999999999,6.0,4.56,1.44
Keller, Brad,641745,2023,201,127,0.261,0.232,0.0289999999999999,0.369,0.382,-0.013,0.361,0.355,0.006,4.36,5.42,-1.058
Scott, Tanner,656945,2023,200,107,0.203,0.199,0.004,0.271,0.263,0.008,0.254,0.251,0.003,2.9,2.57,0.329
Marinaccio, Ron,676760,2023,199,112,0.212,0.208,0.004,0.364,0.38,-0.016,0.315,0.326,-0.011,4.08,4.46,-0.381
Clase, Emmanuel,661403,2023,199,144,0.223,0.229,-0.006,0.304,0.333,-0.029,0.253,0.268,-0.015,2.96,2.94,0.019
Thompson, Mason,666168,2023,199,136,0.264,0.239,0.025,0.362,0.371,-0.009,0.319,0.316,0.003,4.66,4.17,0.492
Blanco, Ronel,669854,2023,199,125,0.244,0.24,0.004,0.471,0.457,0.0139999999999999,0.351,0.349,0.002,4.7,5.21,-0.514
Montero, Rafael,606160,2023,198,128,0.28,0.251,0.029,0.526,0.439,0.087,0.377,0.338,0.0389999999999999,6.0,4.84,1.16
Suter, Brent,608718,2023,198,142,0.229,0.212,0.017,0.318,0.282,0.036,0.27,0.252,0.018,2.79,2.59,0.203
Doval, Camilo,666808,2023,196,107,0.189,0.193,-0.004,0.254,0.288,-0.0339999999999999,0.249,0.263,-0.014,2.63,2.83,-0.205
García, Yimi,554340,2023,196,130,0.282,0.251,0.0309999999999999,0.425,0.381,0.0439999999999999,0.328,0.299,0.029,4.4,3.7,0.7
Weathers, Ryan,677960,2023,196,149,0.313,0.264,0.0489999999999999,0.528,0.442,0.086,0.384,0.336,0.0479999999999999,6.25,4.78,1.466
Honeywell, Brent,641703,2023,196,130,0.243,0.263,-0.02,0.414,0.43,-0.016,0.331,0.349,-0.0179999999999999,3.83,5.21,-1.382
Brash, Matt,666374,2023,195,95,0.254,0.197,0.0569999999999999,0.314,0.256,0.0579999999999999,0.3,0.269,0.0309999999999999,3.53,2.96,0.571
Johnson, Pierce,572955,2023,195,111,0.292,0.245,0.0469999999999999,0.488,0.406,0.0819999999999999,0.375,0.329,0.0459999999999999,5.75,4.56,1.194
Abreu, Albert,656061,2023,195,118,0.216,0.222,-0.006,0.371,0.381,-0.01,0.308,0.317,-0.009,3.89,4.2,-0.314
McHugh, Collin,543521,2023,194,144,0.305,0.275,0.0299999999999999,0.397,0.401,-0.004,0.343,0.332,0.011,3.98,4.65,-0.673
Swanson, Erik,657024,2023,194,121,0.211,0.186,0.0249999999999999,0.371,0.345,0.026,0.288,0.269,0.0189999999999999,3.51,2.96,0.554
Fulmer, Michael,605242,2023,194,121,0.24,0.244,-0.004,0.407,0.383,0.0239999999999999,0.322,0.324,-0.002,4.21,4.4,-0.187
Lambert, Peter,663567,2023,194,134,0.27,0.248,0.022,0.534,0.465,0.069,0.37,0.339,0.0309999999999999,4.76,4.87,-0.105
Cano, Yennier,666974,2023,194,139,0.232,0.243,-0.0109999999999999,0.324,0.34,-0.016,0.259,0.271,-0.012,1.76,3.01,-1.245
Stephan, Trevor,663986,2023,193,129,0.247,0.235,0.012,0.412,0.419,-0.007,0.314,0.326,-0.012,3.18,4.46,-1.284
Shuster, Jared,694363,2023,193,145,0.25,0.259,-0.009,0.393,0.414,-0.0209999999999999,0.321,0.342,-0.021,5.0,4.97,0.03
Payamps, Joel,606303,2023,192,123,0.202,0.232,-0.03,0.337,0.358,-0.0209999999999999,0.254,0.28,-0.026,2.01,3.22,-1.213
Bautista, Félix,642585,2023,192,73,0.135,0.133,0.002,0.193,0.201,-0.008,0.202,0.204,-0.0019999999999999,0.9,1.72,-0.82
Hoeing, Bryan,663773,2023,192,138,0.253,0.255,-0.002,0.476,0.46,0.0159999999999999,0.336,0.337,-0.001,4.57,4.81,-0.244
Cuas, Jose,621016,2023,192,115,0.277,0.24,0.037,0.452,0.447,0.005,0.359,0.345,0.014,4.54,5.07,-0.534
VerHagen, Drew,572403,2023,191,126,0.259,0.236,0.023,0.434,0.384,0.0499999999999999,0.332,0.308,0.024,4.83,3.94,0.889
Bickford, Phil,641360,2023,190,116,0.235,0.254,-0.019,0.407,0.452,-0.045,0.322,0.348,-0.0259999999999999,5.14,5.17,-0.027
Graveman, Kendall,608665,2023,190,120,0.21,0.229,-0.019,0.364,0.384,-0.02,0.305,0.324,-0.019,3.4,4.4,-1.0
Assad, Javier,665871,2023,190,134,0.244,0.253,-0.009,0.405,0.392,0.013,0.318,0.33,-0.012,3.5,4.59,-1.094
Moreta, Dauri,664294,2023,190,104,0.188,0.191,-0.003,0.339,0.342,-0.003,0.275,0.279,-0.004,3.5,3.19,0.306
Díaz, Alexis,664747,2023,190,97,0.172,0.175,-0.003,0.245,0.268,-0.023,0.25,0.261,-0.011,2.14,2.79,-0.653
Hicks, Jordan,663855,2023,189,103,0.244,0.202,0.0419999999999999,0.338,0.268,0.07,0.311,0.277,0.0339999999999999,3.67,3.15,0.522
Morgan, Eli,669212,2023,188,129,0.25,0.258,-0.008,0.39,0.435,-0.0449999999999999,0.303,0.324,-0.021,2.72,4.4,-1.679
Kelly, Kevin,687330,2023,188,132,0.206,0.233,-0.027,0.306,0.327,-0.021,0.263,0.284,-0.0209999999999999,2.91,3.31,-0.396
Lauer, Eric,641778,2023,187,126,0.273,0.293,-0.0199999999999999,0.57,0.54,0.0299999999999999,0.385,0.389,-0.004,5.48,6.74,-1.256
Pressly, Ryan,519151,2023,187,127,0.207,0.237,-0.03,0.351,0.413,-0.062,0.257,0.296,-0.0389999999999999,3.23,3.62,-0.388
Kuhl, Chad,641771,2023,187,125,0.313,0.311,0.002,0.567,0.604,-0.037,0.413,0.433,-0.02,8.45,8.86,-0.408
May, Dustin,669160,2023,187,135,0.173,0.231,-0.058,0.25,0.336,-0.086,0.23,0.287,-0.0569999999999999,2.63,3.39,-0.765
Almonte, Yency,622075,2023,185,120,0.235,0.248,-0.013,0.383,0.381,0.002,0.313,0.32,-0.007,5.02,4.28,0.743
Martinez, Seth,661527,2023,185,117,0.267,0.258,0.009,0.447,0.438,0.009,0.351,0.345,0.006,5.31,5.07,0.241
Pagán, Emilio,641941,2023,185,127,0.194,0.233,-0.039,0.341,0.423,-0.0819999999999999,0.262,0.31,-0.0479999999999999,3.3,4.0,-0.698
Lange, Alex,656638,2023,185,99,0.174,0.208,-0.034,0.302,0.317,-0.015,0.281,0.306,-0.0249999999999999,3.8,3.89,-0.093
Estévez, Carlos,608032,2023,184,108,0.217,0.219,-0.002,0.335,0.36,-0.0249999999999999,0.285,0.294,-0.009,1.88,3.57,-1.686
Sánchez, Cristopher,650911,2023,184,132,0.202,0.243,-0.0409999999999999,0.364,0.41,-0.0459999999999999,0.267,0.305,-0.0379999999999999,2.66,3.86,-1.198
Foley, Jason,671345,2023,183,130,0.235,0.235,0.0,0.294,0.331,-0.037,0.254,0.273,-0.019,2.33,3.05,-0.719
López, Reynaldo,625643,2023,183,106,0.212,0.217,-0.005,0.381,0.375,0.006,0.301,0.306,-0.005,4.15,3.89,0.264
Hill, Tim,657612,2023,183,140,0.302,0.267,0.0349999999999999,0.457,0.403,0.0539999999999999,0.357,0.328,0.0289999999999999,4.04,4.53,-0.491
Woodford, Jake,663765,2023,182,137,0.314,0.294,0.02,0.553,0.508,0.045,0.397,0.384,0.013,5.67,6.53,-0.858
Ottavino, Adam,493603,2023,181,116,0.208,0.205,0.003,0.344,0.31,0.0339999999999999,0.298,0.287,0.011,3.35,3.39,-0.041
Alexander, Tyler,641302,2023,181,129,0.256,0.236,0.02,0.453,0.426,0.027,0.314,0.296,0.018,4.5,3.62,0.88
Neris, Hector,593576,2023,180,104,0.183,0.187,-0.004,0.307,0.309,-0.002,0.277,0.282,-0.0049999999999999,1.41,3.27,-1.86
Gallegos, Giovanny,606149,2023,180,127,0.226,0.251,-0.0249999999999999,0.417,0.431,-0.014,0.291,0.309,-0.018,3.6,3.97,-0.37
Leiter Jr., Mark,643410,2023,180,104,0.178,0.212,-0.034,0.312,0.37,-0.0579999999999999,0.263,0.299,-0.0359999999999999,3.07,3.7,-0.632
Cruz, Fernando,518585,2023,179,99,0.212,0.192,0.0199999999999999,0.359,0.326,0.0329999999999999,0.294,0.277,0.0169999999999999,4.71,3.15,1.564
Jax, Griffin,643377,2023,179,125,0.217,0.215,0.002,0.295,0.296,-0.001,0.25,0.251,-0.001,3.04,2.57,0.475
Alzolay, Adbert,640470,2023,179,117,0.223,0.211,0.012,0.325,0.299,0.026,0.259,0.248,0.011,2.33,2.51,-0.179
Adam, Jason,592094,2023,179,101,0.175,0.218,-0.043,0.292,0.393,-0.101,0.269,0.322,-0.0529999999999999,2.51,4.34,-1.828
Finnegan, Kyle,640448,2023,179,122,0.242,0.257,-0.015,0.398,0.427,-0.0289999999999999,0.304,0.323,-0.019,3.07,4.37,-1.302
Moran, Jovani,663558,2023,178,107,0.23,0.216,0.014,0.349,0.328,0.0209999999999999,0.306,0.295,0.011,5.44,3.59,1.854
Kimbrel, Craig,518886,2023,178,92,0.166,0.17,-0.004,0.312,0.32,-0.008,0.258,0.262,-0.004,3.2,2.81,0.39
Rasmussen, Drew,656876,2023,177,118,0.221,0.225,-0.004,0.294,0.316,-0.022,0.254,0.264,-0.01,2.62,2.85,-0.231
Cisnero, José,542585,2023,177,113,0.25,0.232,0.0179999999999999,0.423,0.405,0.0179999999999999,0.322,0.311,0.011,3.98,4.02,-0.036
Graterol, Brusdar,660813,2023,177,134,0.259,0.251,0.008,0.367,0.337,0.0299999999999999,0.285,0.276,0.0089999999999999,1.8,3.12,-1.32
Pallante, Andre,669467,2023,177,121,0.26,0.231,0.0289999999999999,0.377,0.321,0.0559999999999999,0.324,0.296,0.028,4.43,3.62,0.806
Romano, Jordan,605447,2023,176,108,0.223,0.222,0.001,0.35,0.358,-0.008,0.279,0.282,-0.0029999999999999,2.79,3.27,-0.484
Burke, Brock,656271,2023,176,136,0.251,0.254,-0.003,0.389,0.413,-0.0239999999999999,0.285,0.297,-0.012,2.72,3.64,-0.919
Ferguson, Caleb,657571,2023,176,103,0.238,0.216,0.0219999999999999,0.305,0.282,0.023,0.298,0.283,0.015,2.9,3.29,-0.389
Barlow, Scott,605130,2023,176,106,0.255,0.235,0.02,0.369,0.342,0.0269999999999999,0.319,0.304,0.015,5.35,3.83,1.523
Floro, Dylan,571670,2023,176,123,0.299,0.25,0.0489999999999999,0.409,0.333,0.0759999999999999,0.325,0.276,0.0489999999999999,4.39,3.12,1.27
Baker, Bryan,641329,2023,175,99,0.212,0.195,0.0169999999999999,0.329,0.3,0.029,0.289,0.281,0.0079999999999999,3.64,3.24,0.403
Robertson, David,502085,2023,175,111,0.195,0.2,-0.005,0.327,0.339,-0.012,0.26,0.268,-0.008,2.0,2.94,-0.94
Falter, Bailey,663559,2023,175,139,0.301,0.278,0.0229999999999999,0.494,0.466,0.0279999999999999,0.352,0.334,0.0179999999999999,5.13,4.71,0.422
Wilson, Steven,621051,2023,175,106,0.164,0.185,-0.0209999999999999,0.283,0.32,-0.037,0.256,0.279,-0.023,2.46,3.19,-0.735
Young, Alex,622065,2023,174,119,0.234,0.236,-0.0019999999999999,0.373,0.363,0.01,0.299,0.298,0.001,2.19,3.67,-1.475
Topa, Justin,623437,2023,174,124,0.252,0.231,0.0209999999999999,0.327,0.313,0.014,0.271,0.262,0.009,2.59,2.81,-0.218
Sims, Lucas,608371,2023,174,91,0.153,0.181,-0.0279999999999999,0.299,0.359,-0.06,0.286,0.317,-0.031,3.7,4.2,-0.498
Jameson, Drey,686753,2023,174,118,0.26,0.253,0.007,0.416,0.505,-0.089,0.331,0.359,-0.0279999999999999,3.32,5.56,-2.24
Castro, Miguel,612434,2023,173,120,0.195,0.243,-0.0479999999999999,0.331,0.396,-0.065,0.268,0.312,-0.0439999999999999,4.04,4.05,-0.011
Bednar, David,670280,2023,173,104,0.201,0.175,0.026,0.26,0.281,-0.021,0.233,0.239,-0.0059999999999999,1.27,2.34,-1.074
De Los Santos, Enyel,660853,2023,171,112,0.188,0.225,-0.037,0.289,0.38,-0.091,0.263,0.313,-0.0499999999999999,2.46,4.08,-1.625
Rucker, Michael,621074,2023,171,112,0.262,0.242,0.02,0.443,0.401,0.0419999999999999,0.342,0.326,0.016,5.03,4.46,0.574
Pfaadt, Brandon,694297,2023,171,128,0.323,0.275,0.0479999999999999,0.652,0.535,0.1169999999999999,0.423,0.368,0.0549999999999999,8.2,5.9,2.296
Pérez, Cionel,672335,2023,171,120,0.287,0.248,0.0389999999999999,0.392,0.357,0.035,0.345,0.32,0.0249999999999999,4.54,4.28,0.262
Vasquez, Andrew,607755,2023,170,117,0.235,0.216,0.0189999999999999,0.342,0.352,-0.0099999999999999,0.295,0.291,0.004,2.27,3.49,-1.221
Manning, Matt,666159,2023,170,123,0.215,0.246,-0.031,0.396,0.463,-0.067,0.296,0.341,-0.045,4.32,4.94,-0.62
Peguero, Elvis,665625,2023,170,114,0.22,0.239,-0.0189999999999999,0.273,0.337,-0.064,0.272,0.303,-0.0309999999999999,3.21,3.8,-0.586
Moll, Sam,594580,2023,170,98,0.239,0.2,0.0389999999999999,0.331,0.278,0.0529999999999999,0.303,0.272,0.0309999999999999,4.54,3.03,1.51
Beeks, Jalen,656222,2023,169,109,0.247,0.217,0.03,0.384,0.337,0.0469999999999999,0.317,0.301,0.016,6.27,3.75,2.518
Soto, Gregory,642397,2023,169,110,0.208,0.206,0.002,0.282,0.283,-0.001,0.265,0.266,-0.001,4.24,2.9,1.34
Sewald, Paul,623149,2023,169,95,0.196,0.159,0.037,0.327,0.255,0.072,0.258,0.217,0.041,2.93,1.94,0.99
Milner, Hoby,571948,2023,169,117,0.232,0.224,0.008,0.381,0.381,0.0,0.289,0.291,-0.002,2.32,3.49,-1.17
Yates, Kirby,489446,2023,168,91,0.182,0.205,-0.0229999999999999,0.357,0.411,-0.0539999999999999,0.29,0.326,-0.036,3.38,4.46,-1.085
Duran, Jhoan,661395,2023,167,91,0.197,0.185,0.012,0.331,0.293,0.038,0.271,0.256,0.015,2.66,2.68,-0.024
Bradford, Cody,674003,2023,167,118,0.252,0.228,0.0239999999999999,0.497,0.458,0.0389999999999999,0.335,0.323,0.012,4.5,4.37,0.13
Holmes, Clay,605280,2023,167,99,0.204,0.21,-0.006,0.265,0.298,-0.0329999999999999,0.254,0.27,-0.016,2.21,2.98,-0.767
Lodolo, Nick,666157,2023,166,102,0.34,0.242,0.098,0.605,0.472,0.133,0.427,0.341,0.0859999999999999,6.29,4.94,1.351
Shreve, Chasen,592741,2023,166,115,0.282,0.248,0.0339999999999999,0.47,0.428,0.0419999999999999,0.339,0.318,0.021,4.7,4.23,0.466
García, Luis,472610,2023,166,106,0.248,0.238,0.01,0.369,0.344,0.025,0.322,0.311,0.011,5.4,4.02,1.38
Feltner, Ryan,663372,2023,165,106,0.268,0.259,0.009,0.384,0.383,0.001,0.344,0.343,0.0009999999999999,5.86,5.01,0.848
Nelson, Kyle,669459,2023,165,103,0.243,0.209,0.034,0.428,0.381,0.0469999999999999,0.31,0.279,0.0309999999999999,2.95,3.19,-0.24
Gott, Trevor,641627,2023,165,113,0.278,0.235,0.043,0.404,0.352,0.052,0.325,0.288,0.037,4.66,3.41,1.254
Peralta, Wandy,593974,2023,164,107,0.188,0.257,-0.069,0.283,0.363,-0.08,0.278,0.336,-0.0579999999999999,2.29,4.78,-2.492
Raley, Brooks,548384,2023,164,97,0.209,0.204,0.005,0.324,0.297,0.027,0.293,0.284,0.009,2.37,3.31,-0.942
Bummer, Aaron,607481,2023,163,97,0.239,0.223,0.0159999999999999,0.317,0.282,0.035,0.287,0.271,0.0159999999999999,6.69,3.01,3.678
Long, Sam,669674,2023,163,121,0.267,0.272,-0.005,0.397,0.407,-0.0099999999999999,0.319,0.327,-0.008,4.93,4.49,0.44
Velasquez, Vince,592826,2023,162,110,0.24,0.247,-0.007,0.384,0.389,-0.005,0.306,0.313,-0.007,3.86,4.08,-0.223
Pruitt, Austin,643493,2023,162,131,0.258,0.257,0.001,0.411,0.439,-0.028,0.302,0.314,-0.012,3.66,4.11,-0.449
Bard, Daniel,453268,2023,161,91,0.172,0.218,-0.046,0.279,0.381,-0.1019999999999999,0.301,0.355,-0.0539999999999999,2.89,5.42,-2.527
López, Jorge,605347,2023,160,112,0.248,0.265,-0.017,0.467,0.436,0.031,0.342,0.344,-0.0019999999999999,4.87,5.04,-0.175
Stanek, Ryne,592773,2023,160,102,0.223,0.219,0.004,0.367,0.381,-0.014,0.302,0.311,-0.009,4.38,4.02,0.358
Hader, Josh,623352,2023,160,75,0.126,0.132,-0.006,0.163,0.179,-0.0159999999999999,0.209,0.217,-0.008,0.9,1.94,-1.04
Cabrera, Génesis,650893,2023,160,98,0.236,0.217,0.0189999999999999,0.414,0.394,0.0199999999999999,0.325,0.312,0.013,4.38,4.05,0.328
Williams, Devin,642207,2023,159,80,0.144,0.181,-0.037,0.245,0.298,-0.0529999999999999,0.229,0.264,-0.035,1.56,2.85,-1.288
Harvey, Hunter,640451,2023,159,101,0.196,0.23,-0.034,0.336,0.403,-0.067,0.257,0.302,-0.0449999999999999,3.12,3.78,-0.656
Scholtens, Jesse,669947,2023,159,124,0.26,0.255,0.005,0.397,0.403,-0.006,0.308,0.308,0.0,3.32,3.94,-0.624
Minter, A.J.,621345,2023,158,98,0.233,0.229,0.004,0.356,0.385,-0.029,0.276,0.296,-0.0199999999999999,4.91,3.62,1.289
Liberatore, Matthew,669461,2023,158,115,0.323,0.317,0.006,0.504,0.534,-0.03,0.389,0.408,-0.0189999999999999,6.75,7.59,-0.84
Jiménez, Joe,641729,2023,158,99,0.217,0.224,-0.007,0.378,0.402,-0.024,0.284,0.302,-0.018,2.63,3.78,-1.152
Sandlin, Nick,680704,2023,157,95,0.174,0.196,-0.022,0.341,0.368,-0.0269999999999999,0.26,0.283,-0.0229999999999999,3.51,3.29,0.222
Williams, Gavin,668909,2023,157,108,0.234,0.268,-0.034,0.387,0.404,-0.017,0.309,0.335,-0.026,3.35,4.74,-1.395
Brasier, Ryan,518489,2023,157,110,0.225,0.255,-0.03,0.326,0.369,-0.0429999999999999,0.276,0.316,-0.0399999999999999,4.5,4.17,0.33
Poche, Colin,621363,2023,157,107,0.185,0.187,-0.002,0.319,0.296,0.023,0.267,0.262,0.005,2.13,2.81,-0.678
Middleton, Keynan,641871,2023,156,92,0.239,0.221,0.0179999999999999,0.413,0.404,0.0089999999999999,0.323,0.314,0.009,3.96,4.11,-0.147
Sborz, Josh,622250,2023,156,88,0.199,0.192,0.007,0.326,0.289,0.037,0.266,0.252,0.014,4.42,2.59,1.832
Strzelecki, Peter,657265,2023,156,101,0.235,0.235,0.0,0.36,0.382,-0.022,0.303,0.312,-0.009,4.54,4.05,0.492
Ginkel, Kevin,656464,2023,155,106,0.199,0.217,-0.0179999999999999,0.305,0.34,-0.035,0.249,0.275,-0.026,2.23,3.1,-0.869
Hand, Brad,543272,2023,155,95,0.269,0.241,0.028,0.469,0.395,0.0739999999999999,0.349,0.329,0.0199999999999999,4.63,4.56,0.069
Pearson, Nate,663878,2023,154,103,0.225,0.211,0.014,0.406,0.375,0.031,0.297,0.283,0.014,4.62,3.29,1.332
Chapman, Aroldis,547973,2023,153,64,0.154,0.146,0.008,0.208,0.206,0.002,0.233,0.23,0.003,2.65,2.17,0.482
Smith, Drew,622098,2023,153,92,0.237,0.221,0.0159999999999999,0.412,0.391,0.0209999999999999,0.331,0.321,0.01,4.04,4.31,-0.273
Phillips, Evan,623465,2023,152,94,0.171,0.233,-0.062,0.271,0.36,-0.0889999999999999,0.225,0.286,-0.0609999999999999,2.21,3.36,-1.147
Toussaint, Touki,657053,2023,151,96,0.182,0.237,-0.0549999999999999,0.264,0.338,-0.074,0.276,0.328,-0.0519999999999999,3.5,4.53,-1.03
Puk, A.J.,640462,2023,151,97,0.266,0.219,0.047,0.439,0.394,0.0449999999999999,0.317,0.286,0.031,5.08,3.36,1.719
Holderman, Colin,670059,2023,150,104,0.261,0.235,0.026,0.399,0.389,0.01,0.302,0.294,0.008,3.57,3.57,-0.004
Chafin, Andrew,605177,2023,150,83,0.235,0.239,-0.004,0.394,0.386,0.008,0.317,0.319,-0.002,4.19,4.25,-0.056
Diekman, Jake,518617,2023,150,82,0.182,0.212,-0.03,0.289,0.327,-0.038,0.294,0.319,-0.025,4.32,4.25,0.07
Nardi, Andrew,677053,2023,149,89,0.221,0.194,0.0269999999999999,0.441,0.344,0.097,0.306,0.261,0.0449999999999999,3.19,2.79,0.401
Davidson, Tucker,656353,2023,148,104,0.331,0.285,0.046,0.481,0.429,0.0519999999999999,0.377,0.34,0.0369999999999999,6.54,4.91,1.627
Coulombe, Danny,543056,2023,148,94,0.232,0.212,0.02,0.333,0.324,0.009,0.274,0.263,0.011,3.0,2.83,0.17
Walker, Ryan,676254,2023,148,97,0.241,0.196,0.0449999999999999,0.409,0.288,0.121,0.304,0.242,0.062,2.5,2.39,0.11
Rogers, Taylor,573124,2023,148,84,0.175,0.189,-0.014,0.302,0.342,-0.04,0.261,0.283,-0.0219999999999999,2.73,3.29,-0.565
Okert, Steven,595345,2023,147,82,0.191,0.195,-0.004,0.374,0.363,0.011,0.284,0.284,0.0,3.16,3.31,-0.148
Sheehan, Emmet,686218,2023,147,103,0.227,0.193,0.034,0.398,0.362,0.036,0.31,0.294,0.016,5.77,3.57,2.197
Jansen, Kenley,445276,2023,146,90,0.244,0.204,0.04,0.366,0.316,0.0499999999999999,0.303,0.269,0.0339999999999999,3.15,2.96,0.186
Battenfield, Peyton,685410,2023,146,107,0.256,0.281,-0.025,0.474,0.538,-0.064,0.337,0.378,-0.0409999999999999,5.19,6.29,-1.098
Turnbull, Spencer,605513,2023,145,103,0.291,0.286,0.005,0.488,0.476,0.012,0.377,0.373,0.004,7.26,6.09,1.168
Mayza, Tim,641835,2023,145,100,0.234,0.24,-0.0059999999999999,0.299,0.349,-0.0499999999999999,0.253,0.277,-0.024,1.22,3.15,-1.934
Voth, Austin,608723,2023,144,96,0.278,0.242,0.036,0.452,0.396,0.0559999999999999,0.352,0.319,0.0329999999999999,4.93,4.25,0.685
Bernardino, Brennan,657514,2023,143,89,0.215,0.228,-0.013,0.3,0.33,-0.03,0.266,0.283,-0.0169999999999999,2.5,3.29,-0.79
Faedo, Alex,656412,2023,143,105,0.216,0.241,-0.0249999999999999,0.433,0.441,-0.008,0.294,0.31,-0.016,5.8,4.0,1.804
Smith, Will,519293,2023,143,96,0.178,0.227,-0.049,0.267,0.374,-0.1069999999999999,0.212,0.274,-0.062,2.84,3.08,-0.238
Leclerc, José,600917,2023,142,87,0.203,0.186,0.017,0.325,0.328,-0.003,0.281,0.275,0.006,3.15,3.1,0.046
Edwards Jr., Carl,605218,2023,142,100,0.25,0.264,-0.014,0.355,0.357,-0.002,0.309,0.318,-0.009,3.69,4.23,-0.535
Bido, Osvaldo,674370,2023,141,95,0.273,0.265,0.008,0.331,0.35,-0.0189999999999999,0.315,0.321,-0.006,4.5,4.31,0.19
Erceg, Lucas,668674,2023,141,76,0.25,0.191,0.059,0.375,0.276,0.0989999999999999,0.331,0.276,0.0549999999999999,5.34,3.12,2.221
Anderson, Nick,623433,2023,141,96,0.229,0.236,-0.0069999999999999,0.366,0.395,-0.029,0.28,0.296,-0.0159999999999999,3.06,3.62,-0.563
Law, Derek,571882,2023,140,92,0.248,0.281,-0.033,0.372,0.432,-0.06,0.321,0.356,-0.0349999999999999,3.38,5.45,-2.075
Devenski, Chris,606965,2023,140,97,0.244,0.247,-0.003,0.394,0.412,-0.0179999999999999,0.295,0.314,-0.019,5.08,4.11,0.969
Loup, Aaron,571901,2023,139,96,0.293,0.266,0.0269999999999999,0.447,0.428,0.019,0.345,0.33,0.0149999999999999,5.16,4.59,0.567
Ramírez, Erasmo,541640,2023,137,113,0.309,0.313,-0.004,0.455,0.527,-0.072,0.341,0.373,-0.0319999999999999,5.7,6.09,-0.39
Vesia, Alex,681911,2023,137,78,0.309,0.244,0.065,0.488,0.39,0.0979999999999999,0.371,0.309,0.062,5.59,3.97,1.616
Hamilton, Ian,641656,2023,137,82,0.205,0.232,-0.027,0.303,0.371,-0.068,0.262,0.305,-0.0429999999999999,1.6,3.86,-2.256
Ramirez, Yohan,670990,2023,136,91,0.267,0.25,0.017,0.362,0.357,0.005,0.333,0.326,0.007,4.25,4.46,-0.213
Ward, Thaddeus,663658,2023,136,86,0.234,0.245,-0.0109999999999999,0.45,0.459,-0.009,0.356,0.365,-0.009,7.12,5.78,1.341
Marte, Yunior,628708,2023,135,95,0.279,0.243,0.036,0.434,0.392,0.0419999999999999,0.337,0.311,0.026,5.1,4.02,1.08
Domínguez, Seranthony,622554,2023,135,89,0.297,0.258,0.0389999999999999,0.432,0.392,0.0399999999999999,0.357,0.332,0.0249999999999999,4.76,4.65,0.115
Saucedo, Tayler,642048,2023,134,85,0.235,0.245,-0.01,0.287,0.335,-0.048,0.285,0.307,-0.022,2.3,3.91,-1.612
Gaddis, Hunter,683769,2023,134,100,0.244,0.233,0.0109999999999999,0.412,0.406,0.0059999999999999,0.315,0.314,0.001,5.17,4.11,1.06
Lamet, Dinelson,659275,2023,134,80,0.349,0.252,0.0969999999999999,0.642,0.461,0.181,0.458,0.369,0.089,11.57,5.93,5.641
Banks, Tanner,621383,2023,133,94,0.242,0.241,0.001,0.492,0.486,0.006,0.325,0.329,-0.004,4.41,4.56,-0.152
Cordero, Jimmy,622772,2023,132,86,0.208,0.234,-0.026,0.317,0.344,-0.0269999999999999,0.267,0.291,-0.0239999999999999,3.86,3.49,0.367
Cessa, Luis,570666,2023,132,108,0.397,0.372,0.025,0.603,0.549,0.0539999999999999,0.447,0.43,0.017,9.0,8.69,0.31
Speier, Gabe,642100,2023,132,88,0.22,0.233,-0.013,0.333,0.364,-0.0309999999999999,0.254,0.277,-0.023,3.86,3.15,0.707
Iglesias, Raisel,628452,2023,132,82,0.236,0.217,0.0189999999999999,0.382,0.366,0.016,0.286,0.273,0.0129999999999999,3.69,3.05,0.645
Littell, Zack,641793,2023,132,97,0.31,0.286,0.024,0.468,0.446,0.022,0.344,0.324,0.0199999999999999,4.85,4.4,0.454
Stephenson, Robert,596112,2023,131,74,0.193,0.209,-0.0159999999999999,0.368,0.406,-0.038,0.279,0.303,-0.0239999999999999,3.9,3.8,0.097
Soroka, Michael,647336,2023,131,93,0.276,0.278,-0.002,0.517,0.454,0.063,0.376,0.357,0.019,5.52,5.49,0.033
Martin, Chris,455119,2023,131,95,0.226,0.25,-0.0239999999999999,0.298,0.341,-0.043,0.236,0.271,-0.035,1.62,3.01,-1.39
Kelly, Joe,523260,2023,130,73,0.226,0.197,0.0289999999999999,0.4,0.334,0.066,0.314,0.282,0.032,4.91,3.27,1.639
May, Trevor,543507,2023,129,78,0.21,0.225,-0.015,0.4,0.383,0.017,0.339,0.342,-0.003,4.55,4.97,-0.416
Moore, Matt,519043,2023,127,85,0.175,0.203,-0.028,0.333,0.368,-0.0349999999999999,0.251,0.285,-0.0339999999999999,1.93,3.34,-1.411
Brogdon, Connor,641401,2023,127,87,0.264,0.246,0.018,0.473,0.428,0.0449999999999999,0.346,0.329,0.0169999999999999,4.03,4.56,-0.526
Leone, Dominic,608678,2023,127,82,0.243,0.242,0.001,0.468,0.468,0.0,0.322,0.336,-0.014,4.4,4.78,-0.378
Hernandez, Jose,669796,2023,126,80,0.214,0.229,-0.015,0.42,0.391,0.0289999999999999,0.299,0.299,0.0,3.81,3.7,0.115
Ragans, Cole,666142,2023,126,82,0.224,0.217,0.007,0.374,0.361,0.013,0.307,0.31,-0.003,5.22,4.0,1.216
Brigham, Jeff,656257,2023,124,73,0.171,0.201,-0.03,0.362,0.379,-0.017,0.291,0.311,-0.02,5.16,4.02,1.137
Webb, Jacob,657097,2023,124,77,0.181,0.215,-0.034,0.352,0.334,0.0179999999999999,0.283,0.293,-0.01,3.45,3.54,-0.087
Hentges, Sam,656529,2023,124,87,0.268,0.295,-0.0269999999999999,0.393,0.461,-0.068,0.323,0.361,-0.0379999999999999,6.43,5.63,0.799
Urquidy, José,664353,2023,123,89,0.297,0.272,0.0249999999999999,0.514,0.427,0.087,0.372,0.339,0.0329999999999999,5.21,4.87,0.335
Suarez, José,660761,2023,123,87,0.349,0.286,0.063,0.679,0.565,0.1140000000000001,0.461,0.398,0.063,9.62,7.13,2.486
Alexander, Scott,518397,2023,122,98,0.211,0.261,-0.05,0.281,0.385,-0.1039999999999999,0.236,0.3,-0.064,3.23,3.72,-0.492
Ramirez, Nick,598286,2023,122,91,0.257,0.259,-0.002,0.372,0.404,-0.032,0.297,0.311,-0.014,2.86,4.02,-1.161
Anderson, Grant,681982,2023,121,86,0.268,0.233,0.035,0.402,0.404,-0.002,0.311,0.3,0.011,4.97,3.72,1.246
Vest, Will,676684,2023,120,78,0.209,0.219,-0.01,0.291,0.319,-0.028,0.251,0.266,-0.015,2.73,2.9,-0.17
Faucher, Calvin,676534,2023,120,82,0.29,0.289,0.001,0.458,0.516,-0.0579999999999999,0.36,0.381,-0.021,7.01,6.41,0.603
Miller, Shelby,571946,2023,120,69,0.121,0.189,-0.068,0.242,0.396,-0.154,0.24,0.319,-0.079,2.4,4.25,-1.85
Mayers, Mike,594577,2023,119,92,0.315,0.277,0.0379999999999999,0.491,0.412,0.079,0.37,0.327,0.0429999999999999,6.15,4.49,1.662
Nogosek, Stephen,668665,2023,118,77,0.28,0.252,0.028,0.53,0.484,0.046,0.383,0.361,0.022,5.61,5.63,-0.02
Murphy, Chris,669684,2023,118,80,0.208,0.24,-0.032,0.292,0.347,-0.0549999999999999,0.26,0.295,-0.0349999999999999,1.59,3.59,-2.002
Karinchak, James,675916,2023,118,59,0.16,0.186,-0.0259999999999999,0.394,0.374,0.02,0.303,0.318,-0.015,3.9,4.23,-0.326
Chavez, Jesse,445926,2023,117,69,0.2,0.224,-0.0239999999999999,0.286,0.316,-0.03,0.259,0.281,-0.022,1.55,3.24,-1.688
Weems, Jordan,607179,2023,116,69,0.153,0.229,-0.076,0.357,0.469,-0.1119999999999999,0.28,0.351,-0.0709999999999999,3.14,5.28,-2.14
Brebbia, John,605154,2023,116,70,0.2,0.207,-0.0069999999999999,0.314,0.33,-0.016,0.255,0.267,-0.012,3.14,2.92,0.22
Lambert, Jimmy,669424,2023,116,73,0.29,0.268,0.0219999999999999,0.6,0.494,0.1059999999999999,0.412,0.368,0.0439999999999999,6.29,5.9,0.388
Garcia, Luis,677651,2023,115,73,0.243,0.239,0.004,0.427,0.395,0.0319999999999999,0.323,0.312,0.011,4.0,4.05,-0.05
Soriano, George,666277,2023,115,76,0.198,0.239,-0.0409999999999999,0.277,0.369,-0.0919999999999999,0.255,0.308,-0.0529999999999999,1.98,3.94,-1.964
deGrom, Jacob,594798,2023,115,66,0.171,0.167,0.004,0.324,0.293,0.031,0.224,0.213,0.011,2.67,1.87,0.8
Bleier, Richard,542947,2023,115,93,0.288,0.276,0.0119999999999999,0.452,0.448,0.004,0.338,0.338,0.0,4.72,4.84,-0.115
Dodd, Dylan,689266,2023,114,93,0.352,0.331,0.0209999999999999,0.648,0.653,-0.005,0.441,0.434,0.007,7.4,8.91,-1.513
Hoffman, Jeff,656546,2023,114,63,0.19,0.226,-0.036,0.3,0.333,-0.033,0.257,0.286,-0.0289999999999999,2.57,3.36,-0.789
Chargois, JT,608638,2023,112,77,0.227,0.213,0.014,0.381,0.334,0.0469999999999999,0.293,0.275,0.0179999999999999,3.95,3.1,0.851
Garrett, Amir,607237,2023,112,64,0.244,0.216,0.0279999999999999,0.422,0.366,0.0559999999999999,0.354,0.34,0.0139999999999999,3.33,4.91,-1.581
Akin, Keegan,669211,2023,112,78,0.337,0.281,0.0559999999999999,0.49,0.473,0.017,0.366,0.337,0.0289999999999999,6.84,4.81,2.035
Criswell, Cooper,681867,2023,111,75,0.296,0.262,0.0339999999999999,0.459,0.403,0.0559999999999999,0.358,0.33,0.0279999999999999,5.04,4.59,0.45
Marsh, Alec,679525,2023,109,64,0.264,0.25,0.014,0.604,0.483,0.121,0.417,0.374,0.0429999999999999,7.04,6.13,0.913
Silseth, Chase,681217,2023,107,67,0.228,0.214,0.014,0.413,0.352,0.061,0.33,0.306,0.024,4.44,3.89,0.548
Cosgrove, Tom,676680,2023,107,71,0.168,0.181,-0.0129999999999999,0.242,0.27,-0.028,0.236,0.252,-0.016,1.93,2.59,-0.661
Abbott, Cory,676265,2023,107,72,0.292,0.252,0.0399999999999999,0.449,0.395,0.0539999999999999,0.369,0.342,0.0269999999999999,5.4,4.97,0.43
Ort, Kaleb,672391,2023,107,73,0.29,0.245,0.0449999999999999,0.548,0.486,0.062,0.38,0.34,0.0399999999999999,6.26,4.91,1.351
Alvarado, José,621237,2023,107,59,0.216,0.235,-0.0189999999999999,0.34,0.341,-0.001,0.272,0.282,-0.0099999999999999,1.39,3.27,-1.885
Hunter, Tommy,488984,2023,106,79,0.286,0.255,0.0309999999999999,0.541,0.53,0.011,0.368,0.355,0.013,6.84,5.42,1.425
Wittgren, Nick,621295,2023,106,79,0.277,0.27,0.007,0.447,0.432,0.015,0.352,0.345,0.007,6.08,5.07,1.015
White, Brendan,686839,2023,106,73,0.258,0.26,-0.002,0.387,0.415,-0.0279999999999999,0.318,0.334,-0.016,5.18,4.71,0.468
Herrin, Tim,682120,2023,106,65,0.264,0.243,0.021,0.396,0.415,-0.0189999999999999,0.332,0.331,0.001,5.55,4.62,0.928
Plesac, Zach,668676,2023,105,86,0.374,0.297,0.077,0.576,0.484,0.0919999999999999,0.419,0.353,0.066,7.59,5.35,2.244
Covey, Dylan,592229,2023,104,80,0.309,0.266,0.0429999999999999,0.526,0.443,0.083,0.37,0.327,0.0429999999999999,5.25,4.49,0.76
Helsley, Ryan,664854,2023,103,58,0.205,0.155,0.0499999999999999,0.295,0.236,0.059,0.26,0.231,0.0289999999999999,3.24,2.18,1.06
Fried, Max,608331,2023,103,72,0.232,0.206,0.026,0.326,0.291,0.035,0.264,0.242,0.022,2.08,2.39,-0.313
Martínez, Adrián,661309,2023,102,73,0.275,0.268,0.007,0.418,0.431,-0.013,0.326,0.337,-0.011,5.7,4.81,0.894
Bruihl, Justin,677865,2023,102,73,0.264,0.278,-0.014,0.407,0.441,-0.034,0.32,0.34,-0.02,4.07,4.91,-0.842
Cox, Austin,680735,2023,102,68,0.198,0.277,-0.079,0.314,0.39,-0.076,0.271,0.346,-0.0749999999999999,3.55,5.11,-1.557
Mahle, Tyler,641816,2023,102,69,0.227,0.216,0.011,0.423,0.38,0.0429999999999999,0.294,0.275,0.0189999999999999,3.16,3.1,0.056
Hernández, Jonathan,642546,2023,101,64,0.286,0.258,0.0279999999999999,0.476,0.507,-0.031,0.37,0.383,-0.013,6.65,6.49,0.156
Oller, Adam,670124,2023,101,75,0.341,0.312,0.029,0.576,0.548,0.0279999999999999,0.418,0.408,0.01,10.07,7.59,2.478
Carasiti, Matt,571539,2023,101,75,0.295,0.274,0.0209999999999999,0.432,0.426,0.006,0.355,0.361,-0.006,7.06,5.63,1.432
Muñoz, Andrés,662253,2023,101,56,0.191,0.207,-0.0159999999999999,0.281,0.296,-0.0149999999999999,0.257,0.271,-0.014,2.96,3.01,-0.051
Underwood Jr., Duane,621249,2023,100,75,0.273,0.308,-0.0349999999999999,0.455,0.491,-0.0359999999999999,0.348,0.382,-0.034,5.18,6.45,-1.272
González, Victor,624647,2023,100,68,0.258,0.25,0.008,0.393,0.385,0.008,0.314,0.31,0.004,5.32,4.0,1.324
Stewart, Brock,592779,2023,99,52,0.172,0.183,-0.011,0.253,0.281,-0.028,0.231,0.246,-0.0149999999999999,0.7,2.47,-1.769
Kauffmann, Karl,666154,2023,99,77,0.337,0.305,0.032,0.53,0.508,0.022,0.409,0.405,0.0039999999999999,8.72,7.45,1.273
Barnes, Matt,598264,2023,99,68,0.284,0.274,0.0099999999999999,0.386,0.391,-0.005,0.331,0.329,0.002,5.48,4.56,0.924
Guerra, Javy,642770,2023,97,59,0.236,0.272,-0.036,0.347,0.424,-0.077,0.348,0.395,-0.047,6.05,7.0,-0.948
Lovelady, Richard,663992,2023,96,59,0.188,0.192,-0.004,0.375,0.366,0.009,0.291,0.298,-0.007,4.63,3.67,0.959
Wantz, Andrew,681806,2023,96,64,0.19,0.241,-0.0509999999999999,0.333,0.398,-0.065,0.266,0.316,-0.0499999999999999,4.56,4.17,0.393
Herget, Kevin,643361,2023,96,77,0.273,0.279,-0.006,0.511,0.547,-0.036,0.357,0.375,-0.018,5.73,6.17,-0.443
Davis, Noah,663562,2023,96,69,0.376,0.243,0.133,0.576,0.367,0.2089999999999999,0.441,0.312,0.129,10.61,4.05,6.557
Armstrong, Shawn,542888,2023,96,63,0.191,0.179,0.012,0.27,0.278,-0.008,0.227,0.225,0.002,0.72,2.08,-1.36
Rucinski, Drew,607968,2023,95,74,0.346,0.318,0.0279999999999999,0.603,0.495,0.1079999999999999,0.44,0.407,0.033,9.0,7.55,1.45
Cimber, Adam,643256,2023,95,72,0.301,0.292,0.009,0.542,0.471,0.071,0.394,0.371,0.023,7.4,6.01,1.393
Fairbanks, Pete,664126,2023,94,56,0.159,0.194,-0.035,0.207,0.264,-0.057,0.222,0.258,-0.036,1.9,2.72,-0.819
Blach, Ty,621389,2023,94,81,0.333,0.325,0.008,0.46,0.447,0.013,0.346,0.353,-0.007,4.22,5.35,-1.131
Wright, Kyle,657140,2023,93,61,0.287,0.259,0.0279999999999999,0.412,0.448,-0.036,0.353,0.353,0.0,5.79,5.35,0.436
Lucchesi, Joey,664192,2023,93,68,0.262,0.297,-0.0349999999999999,0.464,0.558,-0.094,0.341,0.392,-0.0509999999999999,4.43,6.87,-2.437
Ureña, José,570632,2023,93,70,0.346,0.318,0.0279999999999999,0.821,0.624,0.1969999999999999,0.509,0.438,0.071,9.82,9.13,0.688
Smith-Shawver, AJ,700363,2023,92,63,0.21,0.198,0.0119999999999999,0.481,0.388,0.0929999999999999,0.337,0.301,0.036,4.57,3.75,0.819
Winn, Keaton,676775,2023,91,67,0.222,0.259,-0.037,0.383,0.412,-0.0289999999999999,0.302,0.331,-0.029,4.09,4.62,-0.529
Thompson, Keegan,624522,2023,91,61,0.187,0.224,-0.037,0.253,0.391,-0.138,0.264,0.332,-0.068,4.22,4.65,-0.431
Garza, Justin,621057,2023,91,61,0.286,0.308,-0.022,0.506,0.585,-0.0789999999999999,0.379,0.419,-0.0399999999999999,7.36,8.13,-0.766
Rodón, Carlos,607074,2023,90,62,0.211,0.265,-0.054,0.395,0.476,-0.0809999999999999,0.316,0.366,-0.0499999999999999,5.75,5.82,-0.066
Machado, Andrés,600921,2023,90,69,0.333,0.343,-0.01,0.679,0.635,0.044,0.434,0.426,0.008,8.1,8.48,-0.38
Bumgarner, Madison,518516,2023,90,64,0.347,0.328,0.0189999999999999,0.625,0.567,0.058,0.452,0.429,0.023,10.26,8.64,1.62
Hudson, Dakota,641712,2023,89,68,0.3,0.293,0.007,0.425,0.446,-0.021,0.343,0.348,-0.0049999999999999,4.19,5.17,-0.98
Hjelle, Sean,663546,2023,89,54,0.329,0.277,0.0519999999999999,0.425,0.381,0.0439999999999999,0.378,0.346,0.032,7.79,5.11,2.678
Bass, Anthony,542914,2023,88,60,0.247,0.286,-0.0389999999999999,0.455,0.471,-0.0159999999999999,0.321,0.348,-0.0269999999999999,4.95,5.17,-0.22
Harris, Hobie,665048,2023,87,65,0.284,0.311,-0.027,0.432,0.527,-0.095,0.364,0.408,-0.0439999999999999,5.4,7.59,-2.19
Miller, Mason,695243,2023,85,54,0.187,0.214,-0.0269999999999999,0.28,0.349,-0.0689999999999999,0.25,0.294,-0.0439999999999999,3.38,3.57,-0.195
Carlton, Drew,656290,2023,85,59,0.243,0.241,0.002,0.378,0.417,-0.0389999999999999,0.299,0.323,-0.024,4.36,4.37,-0.015
Kahnle, Tommy,592454,2023,85,53,0.187,0.19,-0.003,0.32,0.316,0.004,0.263,0.267,-0.004,2.53,2.92,-0.389
Lee, Dylan,669276,2023,85,55,0.237,0.25,-0.013,0.342,0.457,-0.1149999999999999,0.286,0.332,-0.046,3.1,4.65,-1.552
Schreiber, John,670167,2023,85,51,0.247,0.215,0.032,0.356,0.305,0.0509999999999999,0.313,0.286,0.027,2.18,3.36,-1.183
Romero, JoJo,668941,2023,84,55,0.189,0.247,-0.0579999999999999,0.297,0.329,-0.032,0.26,0.3,-0.0399999999999999,3.92,3.72,0.199
De Los Santos, Yerry,660787,2023,84,56,0.174,0.222,-0.048,0.246,0.339,-0.093,0.239,0.301,-0.062,3.2,3.75,-0.547
Skubal, Tarik,669373,2023,84,53,0.228,0.192,0.036,0.367,0.29,0.077,0.269,0.233,0.036,4.57,2.22,2.349
Zastryzny, Rob,642239,2023,83,57,0.294,0.261,0.0329999999999999,0.397,0.394,0.003,0.358,0.345,0.013,5.29,5.07,0.224
King, John,667463,2023,81,67,0.342,0.28,0.062,0.434,0.365,0.069,0.35,0.303,0.0469999999999999,5.79,3.8,1.986
Márquez, Germán,608566,2023,80,58,0.257,0.273,-0.016,0.527,0.503,0.024,0.337,0.339,-0.002,4.95,4.87,0.08
Jackson, Andre,656578,2023,79,60,0.289,0.299,-0.01,0.553,0.538,0.015,0.367,0.368,-0.001,6.62,5.9,0.723
Rogers, Trevor,669432,2023,79,51,0.229,0.217,0.012,0.329,0.398,-0.069,0.293,0.312,-0.019,4.0,4.05,-0.05
Bachman, Sam,696147,2023,77,51,0.262,0.277,-0.015,0.292,0.331,-0.039,0.308,0.328,-0.02,3.18,4.53,-1.354
Mlodzinski, Carmen,669387,2023,77,52,0.188,0.211,-0.0229999999999999,0.29,0.335,-0.045,0.256,0.283,-0.0269999999999999,1.86,3.29,-1.428
Thompson, Ryan,657044,2023,76,54,0.215,0.21,0.005,0.385,0.364,0.021,0.313,0.306,0.007,6.11,3.89,2.223
Hartwig, Grant,701643,2023,73,50,0.281,0.271,0.01,0.328,0.36,-0.0319999999999999,0.314,0.319,-0.005,4.76,4.25,0.515
Castillo, Max,666721,2023,73,56,0.266,0.299,-0.0329999999999999,0.406,0.425,-0.0189999999999999,0.318,0.341,-0.023,4.24,4.94,-0.705
Smeltzer, Devin,656970,2023,73,56,0.318,0.318,0.0,0.667,0.666,0.001,0.44,0.443,-0.003,6.89,9.41,-2.516
Balazovic, Jordan,666364,2023,72,53,0.234,0.236,-0.0019999999999999,0.406,0.402,0.004,0.309,0.317,-0.008,3.12,4.2,-1.085
Jacques, Joe,682175,2023,71,55,0.328,0.235,0.093,0.537,0.357,0.18,0.381,0.274,0.1069999999999999,4.86,3.08,1.78
Stone, Gavin,694813,2023,71,55,0.452,0.351,0.101,0.629,0.482,0.147,0.483,0.394,0.0889999999999999,12.75,6.96,5.79
Herget, Jimmy,623474,2023,71,54,0.297,0.269,0.0279999999999999,0.563,0.481,0.0819999999999999,0.387,0.348,0.039,5.06,5.17,-0.107
Curtiss, John,595928,2023,70,53,0.222,0.198,0.0239999999999999,0.397,0.386,0.011,0.295,0.281,0.0139999999999999,4.08,3.24,0.835
Walter, Brandon,687888,2023,65,51,0.283,0.221,0.0619999999999999,0.4,0.356,0.044,0.325,0.281,0.0439999999999999,3.07,3.24,-0.172
Weber, Ryan,543901,2023,60,51,0.298,0.299,-0.001,0.474,0.502,-0.028,0.336,0.355,-0.0189999999999999,3.14,5.42,-2.28
